,AZ_City,AZ_PopByMM,AZ_DeathPer100k
3,AZ Tempe,2225,7.0
4,AZ Yuma,93064,11.1
86,AZ Gilbert,5113,7.0
91,AZ Chandler,1531,14.2
94,AZ Gilbert,1918,6.9
98,AZ Gilbert,5478,5.0
99,AZ Gilbert,4237,6.5
105,AZ Gilbert,4328,6.4
107,AZ Gilbert,2917,6.5
109,AZ Gilbert,5437,4.0
114,AZ Avondale,4444,8.0
117,AZ Chandler,6568,7.8
127,AZ Chandler,5448,8.5
128,AZ Chandler,4159,7.1
132,AZ Gilbert,2624,8.1
135,AZ Chandler,5314,7.7
137,AZ Chandler,5771,6.1
150,AZ Chandler,5839,7.5
151,AZ Avondale,1215,5.6
155,AZ Chandler,2055,5.4
157,AZ Avondale,5995,6.7
166,AZ Chandler,5874,5.4
171,AZ Chandler,2384,5.8
176,AZ Chandler,5636,6.8
177,AZ Chandler,4661,7.0
179,AZ Chandler,4400,7.0
187,AZ Chandler,6092,5.9
189,AZ Chandler,5832,11.9
191,AZ Avondale,4138,6.7
193,AZ Chandler,2593,5.6
197,AZ Chandler,2786,5.2
206,AZ Gilbert,5143,4.5
207,AZ Gilbert,5346,6.3
216,AZ Gilbert,4228,6.2
217,AZ Avondale,5505,13.9
231,AZ Chandler,6459,6.2
240,AZ Gilbert,4040,6.8
241,AZ Gilbert,208453,6.2
246,AZ Chandler,3045,6.5
247,AZ Avondale,2395,12.7
251,AZ Gilbert,3213,6.8
254,AZ Avondale,1753,6.3
257,AZ Gilbert,6458,5.6
259,AZ Chandler,3412,5.9
267,AZ Gilbert,5072,6.7
274,AZ Gilbert,4055,5.9
275,AZ Chandler,2500,6.8
276,AZ Chandler,2839,6.8
280,AZ Chandler,6520,7.1
281,AZ Gilbert,7386,5.4
283,AZ Avondale,76238,8.9
284,AZ Chandler,1671,9.0
286,AZ Chandler,5327,9.8
290,AZ Avondale,4819,6.4
300,AZ Gilbert,4213,5.6
303,AZ Gilbert,3307,7.1
311,AZ Gilbert,4423,5.2
316,AZ Chandler,236123,7.3
317,AZ Gilbert,5133,4.9
325,AZ Gilbert,7264,5.1
337,AZ Gilbert,4812,5.4
340,AZ Chandler,2776,6.2
344,AZ Gilbert,3261,6.3
347,AZ Gilbert,3807,6.0
354,AZ Chandler,5168,6.2
355,AZ Gilbert,4275,7.0
360,AZ Chandler,6229,5.4
364,AZ Chandler,4410,7.3
369,AZ Avondale,2378,7.9
373,AZ Avondale,2391,8.6
377,AZ Chandler,75,8.8
387,AZ Chandler,99,6.0
392,AZ Chandler,4509,6.0
396,AZ Avondale,416,10.5
402,AZ Chandler,2429,4.3
403,AZ Gilbert,208453,7.2
407,AZ Chandler,3095,7.2
408,AZ Chandler,2963,6.4
416,AZ Phoenix,2663,18.7
417,AZ Phoenix,4304,10.8
418,AZ Phoenix,4999,12.4
419,AZ Glendale,4870,10.4
420,AZ Mesa,2510,15.8
421,AZ Phoenix,4098,10.7
422,AZ Phoenix,5058,12.2
423,AZ Phoenix,4416,13.8
424,AZ Phoenix,3619,8.7
425,AZ Phoenix,1410,6.6
426,AZ Phoenix,5678,11.4
427,AZ Peoria,3439,9.4
428,AZ Mesa,3423,9.6
429,AZ Phoenix,3701,8.3
430,AZ Phoenix,6612,14.5
431,AZ Mesa,2987,12.6
432,AZ Phoenix,3426,10.0
433,AZ Peoria,2259,14.2
434,AZ Phoenix,4760,8.4
435,AZ Glendale,4362,6.5
437,AZ Phoenix,5092,8.5
438,AZ Phoenix,4448,11.0
439,AZ Phoenix,4245,7.6
441,AZ Mesa,4903,6.9
442,AZ Phoenix,6174,8.2
443,AZ Phoenix,3567,9.1
444,AZ Phoenix,1213,11.1
445,AZ Phoenix,6540,6.4
446,AZ Phoenix,4854,6.3
447,AZ Mesa,1368,8.3
448,AZ Phoenix,3056,8.6
449,AZ Phoenix,3699,9.0
450,AZ Glendale,2535,5.6
451,AZ Phoenix,3495,6.3
452,AZ Mesa,4075,6.9
453,AZ Phoenix,4198,14.9
454,AZ Phoenix,1547,7.1
456,AZ Phoenix,2538,7.0
457,AZ Mesa,777,8.1
458,AZ Peoria,1843,10.3
459,AZ Phoenix,3833,9.9
460,AZ Glendale,4026,8.9
461,AZ Mesa,6086,7.4
462,AZ Phoenix,4867,11.4
463,AZ Phoenix,5639,5.3
464,AZ Mesa,547,8.6
465,AZ Peoria,6106,8.4
466,AZ Phoenix,5121,8.4
467,AZ Mesa,5624,9.2
468,AZ Mesa,1081,8.3
469,AZ Mesa,3556,12.1
470,AZ Glendale,2876,10.0
471,AZ Mesa,3764,8.9
472,AZ Phoenix,3963,12.3
473,AZ Phoenix,6524,11.3
474,AZ Peoria,2056,7.5
475,AZ Phoenix,1721,8.0
476,AZ Glendale,2991,7.5
477,AZ Mesa,2626,15.6
478,AZ Phoenix,2994,6.7
479,AZ Phoenix,2250,7.8
480,AZ Phoenix,5107,8.9
481,AZ Phoenix,4453,8.1
482,AZ Phoenix,3009,15.4
483,AZ Mesa,4174,11.1
484,AZ Phoenix,5284,7.8
485,AZ Phoenix,2899,8.0
486,AZ Phoenix,5156,9.0
488,AZ Mesa,2455,7.1
489,AZ Phoenix,3209,9.4
490,AZ Glendale,5242,12.5
491,AZ Phoenix,1878,7.9
492,AZ Phoenix,3765,11.9
493,AZ Glendale,3177,15.0
494,AZ Mesa,6128,6.0
495,AZ Peoria,3759,6.1
496,AZ Mesa,1110,13.9
497,AZ Phoenix,5124,8.1
498,AZ Phoenix,283,8.3
499,AZ Phoenix,4376,7.9
500,AZ Phoenix,5197,12.3
501,AZ Phoenix,3603,8.7
502,AZ Phoenix,6427,12.9
503,AZ Mesa,4352,6.4
504,AZ Phoenix,5447,8.3
505,AZ Phoenix,4003,8.0
506,AZ Mesa,2224,8.0
507,AZ Phoenix,1539,14.7
508,AZ Glendale,5722,6.5
509,AZ Mesa,222,9.6
510,AZ Phoenix,5282,10.0
511,AZ Phoenix,5074,8.2
512,AZ Phoenix,6725,9.1
513,AZ Phoenix,5386,5.0
514,AZ Peoria,252,18.3
515,AZ Phoenix,5924,8.7
516,AZ Phoenix,4253,10.4
517,AZ Phoenix,3852,7.6
518,AZ Mesa,2709,9.5
519,AZ Phoenix,1819,8.5
520,AZ Phoenix,5033,10.4
521,AZ Phoenix,2600,6.9
522,AZ Glendale,3118,1.9
523,AZ Phoenix,6567,8.7
524,AZ Phoenix,8369,10.8
525,AZ Phoenix,8290,14.5
526,AZ Phoenix,4275,6.2
527,AZ Peoria,152,7.7
528,AZ Mesa,391,20.7
529,AZ Phoenix,2982,8.6
530,AZ Phoenix,4745,7.6
531,AZ Phoenix,4773,6.9
532,AZ Phoenix,2075,7.5
533,AZ Phoenix,4262,14.4
534,AZ Phoenix,2652,8.7
535,AZ Mesa,3326,10.0
536,AZ Peoria,3271,6.1
537,AZ Mesa,4647,10.9
538,AZ Phoenix,3596,11.3
539,AZ Phoenix,6572,10.8
540,AZ Phoenix,4305,15.0
541,AZ Mesa,4280,9.6
542,AZ Phoenix,5967,8.9
543,AZ Peoria,3922,9.3
544,AZ Phoenix,2154,4.7
545,AZ Mesa,4734,10.2
546,AZ Phoenix,4417,8.0
547,AZ Phoenix,684,13.6
548,AZ Phoenix,5558,14.6
549,AZ Phoenix,2808,9.1
550,AZ Phoenix,4546,11.7
551,AZ Mesa,3688,6.7
552,AZ Peoria,5816,9.7
553,AZ Phoenix,4933,7.3
554,AZ Phoenix,5990,6.8
555,AZ Phoenix,7080,13.3
557,AZ Phoenix,2877,9.1
558,AZ Mesa,1753,17.1
559,AZ Phoenix,2232,14.9
560,AZ Glendale,2647,10.2
561,AZ Phoenix,5701,7.2
562,AZ Phoenix,5277,7.5
563,AZ Mesa,4648,7.6
564,AZ Phoenix,1372,15.1
565,AZ Mesa,3724,14.9
566,AZ Phoenix,3849,9.0
567,AZ Phoenix,5688,8.0
568,AZ Phoenix,7839,12.9
569,AZ Phoenix,4077,10.5
570,AZ Glendale,5847,11.6
572,AZ Phoenix,2342,8.2
573,AZ Phoenix,4656,6.7
574,AZ Phoenix,3171,6.3
575,AZ Phoenix,5595,7.7
576,AZ Phoenix,3092,10.9
577,AZ Phoenix,1793,6.0
578,AZ Phoenix,3467,6.6
579,AZ Mesa,2358,9.0
580,AZ Phoenix,5474,11.6
581,AZ Glendale,2752,7.0
582,AZ Mesa,2143,7.4
583,AZ Peoria,2817,14.1
584,AZ Phoenix,3775,9.9
585,AZ Mesa,6333,7.5
586,AZ Phoenix,5280,7.8
587,AZ Mesa,7730,5.5
588,AZ Mesa,4354,13.6
590,AZ Phoenix,4700,8.2
591,AZ Mesa,3430,9.4
592,AZ Mesa,2415,12.7
593,AZ Phoenix,2029,9.5
594,AZ Mesa,439041,9.4
595,AZ Glendale,5864,9.4
596,AZ Phoenix,3285,16.7
597,AZ Mesa,3569,7.3
598,AZ Glendale,3908,10.7
599,AZ Mesa,4139,7.5
600,AZ Phoenix,6118,14.2
601,AZ Glendale,2613,9.2
602,AZ Peoria,5917,7.2
603,AZ Phoenix,4299,7.7
604,AZ Phoenix,1912,7.6
605,AZ Phoenix,3400,15.5
608,AZ Tucson,4761,5.1
610,AZ Tucson,3430,10.2
612,AZ Surprise,7445,6.3
614,AZ Tucson,4912,9.0
615,AZ Tucson,3723,14.5
617,AZ Scottsdale,3556,6.7
619,AZ Tucson,3698,7.4
620,AZ Scottsdale,4939,8.7
622,AZ Tucson,2039,5.7
623,AZ Yuma,4049,15.6
627,AZ Scottsdale,5351,7.6
628,AZ Tucson,5980,16.7
631,AZ Tempe,1483,5.8
633,AZ Tucson,3791,13.8
635,AZ Tucson,2701,15.1
637,AZ Tucson,6023,10.3
638,AZ Scottsdale,3953,10.5
641,AZ Yuma,93064,11.4
642,AZ Surprise,117517,9.3
645,AZ Tucson,5072,12.7
646,AZ Tucson,4325,8.6
647,AZ Tucson,367,6.0
648,AZ Tucson,2340,7.1
654,AZ Tempe,2558,4.4
655,AZ Tucson,1846,8.9
657,AZ Yuma,1522,12.1
659,AZ Tucson,2891,8.9
662,AZ Tempe,3333,9.3
665,AZ Tempe,6173,7.5
667,AZ Tucson,2429,12.2
670,AZ Tucson,2900,5.4
671,AZ Tucson,1398,10.8
672,AZ Scottsdale,4516,7.1
673,AZ Tempe,3232,6.6
674,AZ Yuma,2442,7.2
677,AZ Yuma,4173,11.9
679,AZ Tucson,426,8.1
680,AZ Tucson,7565,10.4
685,AZ Tucson,4558,8.3
686,AZ Yuma,454,15.9
689,AZ Tucson,3526,4.7
690,AZ Surprise,2766,6.5
693,AZ Surprise,2489,6.2
696,AZ Scottsdale,217385,8.2
698,AZ Tucson,4449,9.6
699,AZ Scottsdale,4690,9.5
700,AZ Tucson,4446,8.9
701,AZ Tucson,1307,7.6
703,AZ Tucson,520116,10.2
704,AZ Yuma,4080,17.1
705,AZ Scottsdale,6736,7.7
706,AZ Tucson,1562,7.8
708,AZ Tempe,4520,8.7
710,AZ Yuma,2640,15.6
713,AZ Tucson,3216,8.7
715,AZ Tempe,5666,6.7
721,AZ Surprise,3559,8.4
722,AZ Tucson,2100,9.7
723,AZ Tucson,3364,6.5
724,AZ Tucson,3728,14.1
726,AZ Scottsdale,1383,9.4
728,AZ Surprise,3046,13.7
730,AZ Tempe,2675,2.2
731,AZ Tucson,4851,10.1
732,AZ Scottsdale,6585,5.9
733,AZ Yuma,3002,9.5
736,AZ Tucson,3171,8.1
737,AZ Scottsdale,2804,10.4
739,AZ Scottsdale,3580,8.2
740,AZ Tucson,4503,9.9
745,AZ Scottsdale,2018,7.6
747,AZ Scottsdale,4917,7.6
748,AZ Tempe,2211,7.7
749,AZ Tucson,4940,5.7
752,AZ Tucson,4552,3.4
754,AZ Yuma,5164,12.3
755,AZ Scottsdale,1318,9.2
756,AZ Tempe,6057,5.1
757,AZ Tempe,9107,2.3
758,AZ Tucson,5261,8.8
760,AZ Tucson,697,7.5
762,AZ Tucson,93,7.3
763,AZ Tempe,3412,8.5
764,AZ Yuma,6432,9.7
771,AZ Tucson,3899,11.0
773,AZ Surprise,5458,6.8
774,AZ Scottsdale,4608,6.1
778,AZ Tucson,2038,9.5
779,AZ Scottsdale,2268,11.2
780,AZ Yuma,5048,10.6
781,AZ Surprise,3708,7.2
789,AZ Tucson,6208,12.5
790,AZ Tucson,3657,10.5
791,AZ Yuma,4811,12.4
793,AZ Tempe,5305,7.3
795,AZ Tucson,2545,13.0
797,AZ Tempe,5449,6.9
798,AZ Tempe,161719,6.5
802,AZ Tucson,3675,6.5
808,AZ Scottsdale,2677,9.0
809,AZ Tucson,3507,11.6
810,AZ Yuma,475,18.6
811,AZ Scottsdale,4521,9.4
812,AZ Tucson,1673,9.3
813,AZ Tucson,2245,7.6
815,AZ Scottsdale,1383,5.1
816,AZ Tucson,2896,10.2
823,AZ Surprise,7259,6.3
824,AZ Scottsdale,6059,8.0
826,AZ Tucson,2095,16.6
829,AZ Tempe,4088,7.7
830,AZ Tucson,3508,14.6
831,AZ Scottsdale,217385,6.6
834,AZ Tucson,3157,12.2
835,AZ Tucson,2749,8.6
837,AZ Tucson,264,9.3
838,AZ Scottsdale,4168,5.5
839,AZ Yuma,2510,14.7
840,AZ Tucson,3259,7.7
844,AZ Scottsdale,907,10.4
846,AZ Scottsdale,3293,8.6
848,AZ Tucson,4313,11.3
849,AZ Tucson,7634,12.8
850,AZ Scottsdale,3080,9.6
851,AZ Tucson,3413,8.5
854,AZ Tempe,1342,1.7
855,AZ Tucson,4409,13.0
857,AZ Surprise,6764,6.3
858,AZ Tucson,5098,7.5
859,AZ Tucson,6282,9.6
860,AZ Tucson,2378,8.2
863,AZ Scottsdale,201,8.5
865,AZ Yuma,2170,8.0
866,AZ Tucson,1081,11.3
871,AZ Tempe,5102,5.2
872,AZ Tucson,4469,10.8
873,AZ Tucson,3097,9.3
874,AZ Tempe,2472,8.2
878,AZ Scottsdale,4498,8.3
882,AZ Tucson,6057,9.7
884,AZ Scottsdale,1892,7.6
887,AZ Surprise,1474,13.6
888,AZ Surprise,3957,6.2
889,AZ Tucson,3599,11.2
895,AZ Yuma,8153,8.2
896,AZ Tucson,2591,9.9
899,AZ Tucson,3926,8.4
900,AZ Surprise,3395,14.0
901,AZ Yuma,2446,5.9
902,AZ Tucson,2914,10.5
904,AZ Scottsdale,3930,7.8
906,AZ Tempe,4946,7.1
911,AZ Yuma,123,18.1
914,AZ Tucson,3670,9.1
917,AZ Scottsdale,4791,6.9
918,AZ Scottsdale,3065,11.1
920,AZ Tempe,7023,5.2
923,AZ Yuma,465,9.5
926,AZ Tucson,4695,8.5
927,AZ Tempe,2942,4.4
928,AZ Scottsdale,4156,9.7
929,AZ Tempe,6254,6.5
931,AZ Tucson,2484,9.2
932,AZ Tucson,1622,10.7
933,AZ Scottsdale,2472,7.7
936,AZ Tucson,4153,14.5
937,AZ Tucson,5269,14.5
939,AZ Tucson,4246,9.7
941,AZ Surprise,6212,14.2
942,AZ Scottsdale,3719,7.3
943,AZ Scottsdale,2640,10.5
947,AZ Tucson,4423,9.2
948,AZ Yuma,2381,13.0
949,AZ Tucson,3442,5.5
950,AZ Tucson,3268,11.8
951,AZ Tucson,4479,10.7
954,AZ Tucson,3912,15.5
956,AZ Tucson,5331,11.2
963,AZ Surprise,4905,8.4
966,AZ Scottsdale,2965,7.9
967,AZ Tempe,4624,6.6
968,AZ Yuma,2588,13.1
969,AZ Scottsdale,4041,9.4
970,AZ Surprise,2827,7.1
971,AZ Surprise,404,16.8
972,AZ Scottsdale,2588,8.2
973,AZ Tucson,2950,6.4
975,AZ Scottsdale,3953,7.4
976,AZ Tucson,514,9.2
978,AZ Tucson,3479,7.0
979,AZ Tucson,5683,10.4
980,AZ Tucson,7393,10.9
981,AZ Scottsdale,2754,5.1
983,AZ Tempe,5480,6.9
984,AZ Tempe,3170,7.9
986,AZ Tucson,5825,12.1
987,AZ Tucson,2138,5.8
990,AZ Tucson,4697,14.6
997,AZ Tucson,6316,10.9
998,AZ Scottsdale,5531,8.8
999,AZ Tucson,4399,8.4
1001,AZ Tucson,3884,11.0
1002,AZ Surprise,6011,7.1
1005,AZ Tucson,2323,8.2
1008,AZ Scottsdale,2967,8.7
1009,AZ Tucson,5961,8.6
1010,AZ Surprise,4184,12.5
1012,AZ Yuma,3585,12.1
1013,AZ Scottsdale,6026,8.0
1014,AZ Tucson,4135,9.5
1018,AZ Tucson,4409,9.4
1020,AZ Tempe,5436,7.3
1021,AZ Tucson,4173,7.7
1022,AZ Tucson,4116,8.0
1024,AZ Yuma,3560,13.7
1025,AZ Scottsdale,4143,8.8
1027,AZ Scottsdale,2218,10.2
1031,AZ Scottsdale,5264,8.9
1034,AZ Tucson,3194,10.4
1039,AZ Tempe,4504,4.2
1040,AZ Tempe,1668,6.3
1043,AZ Yuma,3172,2.1
1044,AZ Surprise,4525,6.5
1046,AZ Tucson,6442,13.1
1047,AZ Scottsdale,2896,8.3
1048,AZ Tempe,4011,7.5
1050,AZ Tucson,2821,10.1
1051,AZ Tucson,8085,12.2
1053,AZ Surprise,117517,8.0
1055,AZ Tucson,2347,6.6
1058,AZ Tucson,4761,6.8
1059,AZ Surprise,3170,9.5
1060,AZ Tucson,3850,11.0
1061,AZ Tucson,5644,14.8
1063,AZ Scottsdale,2466,6.5
1066,AZ Tucson,326,6.6
1067,AZ Tucson,2900,15.1
1068,AZ Surprise,2417,6.7
1069,AZ Tucson,3232,13.2
1070,AZ Scottsdale,5388,8.4
1072,AZ Tucson,7131,11.3
1074,AZ Tucson,204,8.8
1079,AZ Scottsdale,3810,9.7
1080,AZ Tempe,6595,6.7
1086,AZ Scottsdale,3056,8.1
1087,AZ Tucson,3859,9.8
1088,AZ Scottsdale,3314,10.2
1089,AZ Surprise,6699,7.1
1090,AZ Yuma,5158,11.9
1091,AZ Surprise,2298,9.8
1094,AZ Tempe,81,8.7
1098,AZ Tempe,6674,6.1
1100,AZ Scottsdale,151,12.2
1102,AZ Surprise,5832,15.1
1103,AZ Tucson,4557,11.0
1105,AZ Yuma,5891,7.4
1107,AZ Tempe,4790,8.5
1109,AZ Tucson,6534,11.4
1110,AZ Tucson,309,11.3
1112,AZ Tucson,3764,5.0
1115,AZ Tucson,4676,5.7
1116,AZ Tucson,5630,7.3
1120,AZ Tucson,1544,7.4
1123,AZ Surprise,3222,14.4
1127,AZ Tucson,6099,8.0
1128,AZ Surprise,2365,15.4
1129,AZ Yuma,2922,10.3
1130,AZ Scottsdale,5825,6.6
1131,AZ Scottsdale,3136,7.8
1135,AZ Tucson,5048,7.4
1138,AZ Tucson,520116,9.7
1139,AZ Tucson,4431,9.3
1141,AZ Tempe,2420,11.0
1143,AZ Tempe,2278,8.1
1144,AZ Tucson,2868,7.5
1147,AZ Tucson,631,4.8
1148,AZ Yuma,1108,16.4
1152,AZ Tucson,1296,12.2
1153,AZ Tucson,3675,10.5
1155,AZ Tempe,4865,7.7
1157,AZ Scottsdale,4594,7.5
1161,AZ Scottsdale,2483,8.5
1162,AZ Tucson,3802,9.2
1163,AZ Tucson,1147,9.5
1165,AZ Scottsdale,4298,7.3
1166,AZ Tucson,4112,8.9
1167,AZ Tucson,9289,2.3
1169,AZ Surprise,5539,7.4
1170,AZ Tucson,2683,12.3
1171,AZ Tucson,5619,8.5
1172,AZ Scottsdale,1861,9.3
1174,AZ Tucson,2908,8.8
1178,AZ Scottsdale,3166,7.3
1179,AZ Tucson,3170,10.3
1180,AZ Surprise,5579,6.6
1185,AZ Tucson,6988,11.7
1186,AZ Scottsdale,4911,8.1
1188,AZ Tucson,2087,11.0
1190,AZ Tempe,3200,8.1
1193,AZ Tucson,3811,6.2
1196,AZ Tempe,4348,9.2
1197,AZ Tucson,3611,11.6
1198,AZ Tempe,161719,8.7
1199,AZ Yuma,2502,12.2
1200,AZ Scottsdale,2861,6.1
2657,AZ Avondale,6114,12.4
2667,AZ Gilbert,3291,13.4
2668,AZ Avondale,2065,7.8
2677,AZ Chandler,2028,6.1
2679,AZ Gilbert,4909,6.0
2687,AZ Gilbert,4523,7.6
2689,AZ Avondale,3833,9.1
2695,AZ Gilbert,3670,7.2
2698,AZ Avondale,76238,11.3
2703,AZ Gilbert,9135,6.2
2708,AZ Chandler,5228,7.0
2712,AZ Chandler,2923,7.5
2716,AZ Gilbert,452,5.3
2720,AZ Gilbert,4977,8.3
2724,AZ Gilbert,6564,4.5
2728,AZ Gilbert,4262,6.1
2733,AZ Avondale,5757,7.8
2734,AZ Chandler,5544,6.0
2737,AZ Chandler,5168,9.6
2739,AZ Avondale,3936,7.9
2741,AZ Chandler,2960,16.4
2744,AZ Gilbert,5926,6.8
2747,AZ Gilbert,5525,4.9
2748,AZ Chandler,236123,7.9
2756,AZ Chandler,4582,5.9
2760,AZ Chandler,6775,6.3
2761,AZ Gilbert,4083,3.9
2762,AZ Avondale,4905,7.3
2764,AZ Chandler,2137,8.7
2767,AZ Chandler,5988,6.5
2774,AZ Avondale,1972,14.8
2779,AZ Avondale,2840,15.0
2780,AZ Chandler,4853,6.6
2789,AZ Gilbert,5189,7.9
2792,AZ Chandler,5202,6.3
2795,AZ Gilbert,2734,6.5
2800,AZ Chandler,2225,6.8
2804,AZ Chandler,3408,8.0
2814,AZ Chandler,4008,5.3
2816,AZ Avondale,3978,6.8
2818,AZ Chandler,102,14.7
2824,AZ Gilbert,3982,5.2
2827,AZ Chandler,6026,8.6
2840,AZ Gilbert,5029,6.4
2846,AZ Chandler,4210,5.5
2847,AZ Chandler,4549,11.9
2848,AZ Avondale,5366,7.6
2861,AZ Chandler,1974,9.0
2869,AZ Gilbert,5037,6.5
2871,AZ Chandler,5557,6.8
2876,AZ Gilbert,6197,5.2
2879,AZ Chandler,3617,6.5
2890,AZ Gilbert,5476,6.6
2896,AZ Chandler,4235,6.3
2898,AZ Chandler,2301,6.5
2906,AZ Glendale,4756,14.8
2907,AZ Glendale,4045,10.8
2908,AZ Phoenix,2738,7.6
2909,AZ Phoenix,4274,7.2
2910,AZ Phoenix,6298,10.8
2911,AZ Mesa,4654,11.7
2912,AZ Phoenix,4685,10.0
2913,AZ Mesa,3178,9.3
2914,AZ Glendale,5001,10.6
2915,AZ Phoenix,3030,6.1
2916,AZ Phoenix,4748,12.3
2917,AZ Phoenix,5033,11.7
2918,AZ Mesa,4745,9.3
2919,AZ Phoenix,4303,6.4
2920,AZ Peoria,1025,8.6
2921,AZ Glendale,4398,7.1
2922,AZ Phoenix,4312,6.1
2923,AZ Phoenix,3383,5.9
2924,AZ Phoenix,2323,16.7
2925,AZ Phoenix,3012,7.1
2926,AZ Phoenix,2474,12.5
2927,AZ Phoenix,2599,6.9
2928,AZ Phoenix,1796,9.7
2931,AZ Phoenix,6397,5.5
2932,AZ Mesa,2918,5.2
2933,AZ Phoenix,2108,6.6
2934,AZ Phoenix,1850,7.7
2935,AZ Phoenix,2570,9.3
2936,AZ Glendale,2312,9.3
2937,AZ Mesa,4148,14.9
2938,AZ Glendale,226721,10.3
2939,AZ Glendale,2691,8.6
2940,AZ Phoenix,3175,11.4
2941,AZ Mesa,4746,9.1
2942,AZ Mesa,3889,10.2
2943,AZ Phoenix,4450,12.2
2944,AZ Phoenix,3062,6.7
2945,AZ Peoria,3501,4.5
2946,AZ Phoenix,2779,8.8
2947,AZ Mesa,3754,15.0
2948,AZ Phoenix,3813,11.3
2949,AZ Phoenix,5546,5.9
2950,AZ Mesa,3380,11.5
2951,AZ Phoenix,6628,6.1
2952,AZ Mesa,2794,7.4
2953,AZ Phoenix,3300,10.7
2955,AZ Phoenix,2859,9.0
2956,AZ Peoria,6306,9.1
2957,AZ Phoenix,4089,10.0
2958,AZ Mesa,3120,7.9
2959,AZ Phoenix,4888,8.2
2960,AZ Phoenix,6202,13.8
2961,AZ Mesa,1868,10.2
2962,AZ Peoria,2817,12.4
2963,AZ Phoenix,7935,13.9
2964,AZ Peoria,154065,8.7
2965,AZ Peoria,1125,10.8
2966,AZ Phoenix,5125,9.4
2967,AZ Phoenix,2522,7.5
2968,AZ Mesa,4601,8.7
2969,AZ Phoenix,2655,11.8
2970,AZ Phoenix,3862,14.5
2971,AZ Peoria,4099,8.9
2972,AZ Phoenix,1570,16.0
2973,AZ Glendale,4385,13.5
2974,AZ Phoenix,4529,13.4
2975,AZ Phoenix,7325,11.6
2976,AZ Mesa,4910,7.8
2977,AZ Peoria,6029,6.1
2978,AZ Phoenix,2732,8.5
2979,AZ Mesa,2825,10.2
2980,AZ Phoenix,6044,7.2
2981,AZ Phoenix,5017,14.9
2982,AZ Peoria,5903,6.2
2983,AZ Mesa,4671,7.6
2984,AZ Phoenix,5131,9.3
2985,AZ Glendale,149,7.9
2986,AZ Mesa,2006,7.1
2987,AZ Phoenix,2108,5.5
2988,AZ Phoenix,4765,6.8
2989,AZ Phoenix,120,10.0
2990,AZ Mesa,2823,6.5
2991,AZ Phoenix,3941,8.1
2992,AZ Peoria,3081,7.2
2993,AZ Mesa,2037,6.7
2994,AZ Glendale,4037,10.0
2995,AZ Mesa,3390,9.2
2996,AZ Phoenix,7944,12.7
2998,AZ Phoenix,3107,9.3
2999,AZ Phoenix,3026,8.6
3000,AZ Phoenix,5242,10.1
3001,AZ Phoenix,4530,9.1
3002,AZ Mesa,4001,9.1
3003,AZ Phoenix,1353,14.7
3004,AZ Phoenix,4995,10.1
3005,AZ Peoria,5071,9.2
3006,AZ Peoria,56,5.0
3007,AZ Phoenix,3791,12.7
3008,AZ Mesa,5789,6.3
3009,AZ Mesa,4939,8.2
3010,AZ Phoenix,4256,10.0
3011,AZ Phoenix,3487,8.0
3012,AZ Phoenix,6489,7.8
3013,AZ Phoenix,3972,10.4
3014,AZ Mesa,2646,13.4
3015,AZ Glendale,5893,10.3
3016,AZ Mesa,1685,3.3
3017,AZ Glendale,5217,12.9
3018,AZ Mesa,3885,10.5
3019,AZ Mesa,3238,7.8
3020,AZ Mesa,7287,9.9
3021,AZ Phoenix,6909,7.8
3022,AZ Phoenix,3931,12.5
3023,AZ Phoenix,5299,11.6
3024,AZ Phoenix,4288,6.9
3025,AZ Phoenix,3941,12.2
3026,AZ Phoenix,2115,13.6
3027,AZ Peoria,4071,9.1
3028,AZ Phoenix,3283,12.6
3029,AZ Phoenix,3536,7.0
3030,AZ Phoenix,8071,8.0
3031,AZ Peoria,1424,14.9
3032,AZ Phoenix,2044,7.9
3033,AZ Glendale,4269,8.5
3034,AZ Phoenix,5175,18.4
3035,AZ Mesa,5279,7.9
3036,AZ Mesa,2771,17.4
3038,AZ Phoenix,3957,7.5
3039,AZ Phoenix,5807,8.7
3040,AZ Phoenix,2360,12.2
3041,AZ Glendale,5915,8.7
3042,AZ Phoenix,3589,6.5
3043,AZ Phoenix,4674,9.2
3044,AZ Phoenix,3797,7.6
3045,AZ Phoenix,3158,7.1
3046,AZ Phoenix,1895,6.0
3047,AZ Mesa,5643,7.4
3048,AZ Mesa,4955,10.3
3049,AZ Phoenix,4021,4.8
3050,AZ Mesa,2179,6.4
3051,AZ Mesa,1614,8.2
3052,AZ Mesa,3158,10.0
3053,AZ Mesa,5866,7.5
3054,AZ Mesa,4773,11.3
3055,AZ Glendale,4555,7.9
3056,AZ Peoria,4114,7.4
3057,AZ Phoenix,4150,10.1
3058,AZ Glendale,1857,8.7
3059,AZ Phoenix,3443,8.4
3060,AZ Phoenix,3607,8.5
3061,AZ Phoenix,4241,9.1
3062,AZ Phoenix,2623,10.3
3063,AZ Phoenix,4920,14.8
3064,AZ Phoenix,6630,5.8
3065,AZ Phoenix,3475,10.4
3066,AZ Phoenix,3248,11.6
3067,AZ Phoenix,5192,7.3
3068,AZ Phoenix,3697,12.5
3069,AZ Phoenix,8017,8.4
3070,AZ Phoenix,3858,12.0
3071,AZ Mesa,2362,8.7
3072,AZ Phoenix,1445632,9.5
3073,AZ Phoenix,7105,8.0
3074,AZ Phoenix,4214,10.6
3075,AZ Phoenix,5891,9.3
3076,AZ Phoenix,4240,8.3
3077,AZ Phoenix,3234,6.1
3078,AZ Peoria,4021,7.3
3079,AZ Phoenix,4881,8.4
3080,AZ Phoenix,4956,12.9
3081,AZ Phoenix,5053,13.5
3082,AZ Glendale,3369,10.4
3084,AZ Phoenix,2800,10.2
3085,AZ Phoenix,1180,6.9
3086,AZ Mesa,2753,6.9
3087,AZ Mesa,5902,10.8
3088,AZ Peoria,3773,12.4
3089,AZ Glendale,6612,10.4
3090,AZ Phoenix,2998,9.3
3091,AZ Phoenix,3389,15.3
3092,AZ Phoenix,5055,12.2
3093,AZ Phoenix,2614,13.1
3094,AZ Mesa,3819,11.2
3096,AZ Phoenix,5093,9.2
3097,AZ Peoria,5110,8.0
3098,AZ Phoenix,2679,11.1
3099,AZ Mesa,6556,7.5
3100,AZ Phoenix,6740,15.1
3101,AZ Mesa,2276,13.8
3102,AZ Phoenix,3068,9.7
3103,AZ Phoenix,6104,7.1
3104,AZ Phoenix,2612,9.2
3105,AZ Phoenix,4000,8.7
3106,AZ Mesa,3404,15.2
3107,AZ Phoenix,1968,7.0
3108,AZ Phoenix,2315,9.1
3109,AZ Mesa,1384,7.4
3110,AZ Mesa,2694,7.2
3111,AZ Phoenix,6304,8.3
3112,AZ Phoenix,881,6.2
3113,AZ Glendale,4547,13.8
3114,AZ Glendale,226721,9.8
3115,AZ Phoenix,4612,6.3
3116,AZ Mesa,3325,7.3
3117,AZ Phoenix,5719,13.0
3118,AZ Phoenix,4496,8.1
3119,AZ Mesa,3682,8.7
3120,AZ Phoenix,4928,13.4
3121,AZ Phoenix,5827,9.7
3122,AZ Phoenix,5819,10.3
3123,AZ Phoenix,3405,7.2
3124,AZ Phoenix,6215,8.8
3125,AZ Mesa,4953,7.7
3126,AZ Phoenix,2477,18.0
3127,AZ Glendale,3072,9.2
3128,AZ Peoria,6218,10.1
3129,AZ Mesa,4273,8.7
3131,AZ Glendale,5027,10.1
3132,AZ Mesa,1760,9.6
3133,AZ Phoenix,4269,7.8
3134,AZ Phoenix,3534,6.6
3135,AZ Phoenix,2638,13.2
3136,AZ Glendale,3667,10.5
3137,AZ Glendale,2866,16.5
3138,AZ Phoenix,52,6.6
3139,AZ Mesa,5129,8.3
3140,AZ Phoenix,6823,4.6
3141,AZ Phoenix,3383,4.5
3142,AZ Peoria,4142,5.0
3143,AZ Phoenix,1677,15.4
3144,AZ Phoenix,2408,9.5
3145,AZ Phoenix,3219,7.3
3146,AZ Phoenix,3774,6.1
3147,AZ Phoenix,4373,8.4
3148,AZ Glendale,3274,9.5
3149,AZ Phoenix,1671,11.6
3151,AZ Mesa,88,6.4
3152,AZ Phoenix,2317,13.1
3153,AZ Phoenix,1964,8.4
3154,AZ Phoenix,5914,7.7
3155,AZ Mesa,3878,9.6
3156,AZ Phoenix,1803,12.2
3157,AZ Mesa,5807,9.7
3158,AZ Peoria,3125,10.8
3159,AZ Phoenix,1891,7.5
3160,AZ Phoenix,3961,11.2
3161,AZ Phoenix,2238,8.0
3162,AZ Phoenix,4805,11.8
3163,AZ Glendale,3702,8.5
3164,AZ Phoenix,7077,12.4
3165,AZ Glendale,4771,8.0
3166,AZ Phoenix,3851,7.5
3167,AZ Phoenix,1914,14.0
3168,AZ Peoria,3740,6.9
3169,AZ Phoenix,4339,13.0
3170,AZ Glendale,2237,5.6
3171,AZ Phoenix,3638,10.6
3172,AZ Phoenix,3848,7.2
3173,AZ Mesa,248,6.7
3174,AZ Phoenix,4395,7.7
3175,AZ Mesa,2261,9.4
3176,AZ Glendale,5898,9.4
3177,AZ Phoenix,2135,7.3
3178,AZ Phoenix,4668,12.2
3179,AZ Phoenix,4441,12.3
3180,AZ Phoenix,6211,8.8
3181,AZ Phoenix,2387,12.3
3182,AZ Phoenix,4212,7.1
3183,AZ Phoenix,2148,15.1
3185,AZ Phoenix,4096,12.1
3186,AZ Peoria,154065,7.9
3187,AZ Phoenix,2538,7.0
3188,AZ Peoria,3967,7.6
3189,AZ Phoenix,4146,11.8
3190,AZ Mesa,4774,7.0
3191,AZ Phoenix,2459,8.2
3192,AZ Phoenix,5943,10.7
3193,AZ Phoenix,3075,11.9
3194,AZ Phoenix,5397,11.3
3195,AZ Mesa,5715,6.3
3196,AZ Phoenix,6754,13.6
3197,AZ Peoria,3270,5.4
3198,AZ Phoenix,4347,7.9
3199,AZ Mesa,2954,15.4
3200,AZ Phoenix,2680,8.0
3201,AZ Mesa,4092,5.2
3202,AZ Phoenix,5107,11.9
3203,AZ Phoenix,7720,9.0
3204,AZ Phoenix,3556,7.4
3205,AZ Phoenix,2508,11.3
3206,AZ Mesa,4126,12.6
3207,AZ Phoenix,3587,6.7
3208,AZ Phoenix,4301,11.0
3209,AZ Phoenix,3279,8.4
3210,AZ Phoenix,3371,12.6
3211,AZ Phoenix,2319,8.4
3212,AZ Mesa,5978,9.6
3213,AZ Mesa,439041,9.0
3214,AZ Peoria,3472,13.8
3215,AZ Phoenix,2401,4.7
3216,AZ Glendale,3791,10.0
3217,AZ Phoenix,4723,11.7
3218,AZ Phoenix,3542,8.4
3219,AZ Phoenix,5604,13.3
3220,AZ Phoenix,6232,6.3
3221,AZ Phoenix,6295,7.4
3222,AZ Phoenix,1445632,10.4
3223,AZ Phoenix,2954,7.2
3224,AZ Mesa,6278,9.7
3225,AZ Phoenix,4154,6.9
3226,AZ Mesa,3527,7.9
3227,AZ Phoenix,2014,16.0
3228,AZ Phoenix,4762,6.9
3229,AZ Peoria,3640,8.9
3230,AZ Phoenix,4659,4.7
3231,AZ Mesa,499,13.2
3232,AZ Phoenix,5647,9.0
3233,AZ Phoenix,5017,9.9
3234,AZ Phoenix,3161,11.2
3235,AZ Glendale,4906,8.2
3236,AZ Phoenix,3647,7.3
3237,AZ Phoenix,3572,6.4
3238,AZ Phoenix,6246,8.7
3239,AZ Phoenix,3337,8.1
3240,AZ Phoenix,4160,8.0
3241,AZ Phoenix,3529,6.8
3242,AZ Mesa,4191,12.0
3243,AZ Mesa,3595,15.8
3244,AZ Phoenix,2271,8.1
3245,AZ Phoenix,5040,7.5
3246,AZ Mesa,2733,9.5
3247,AZ Phoenix,2355,9.6
3248,AZ Phoenix,5006,10.0
3249,AZ Phoenix,3864,13.6
3250,AZ Glendale,4082,12.8
3251,AZ Phoenix,4656,8.7
3252,AZ Mesa,3039,16.1
3253,AZ Glendale,132,8.1
3254,AZ Phoenix,4638,7.3
3255,AZ Phoenix,7467,11.4
3256,AZ Mesa,3464,6.0
3257,AZ Phoenix,3285,7.7
3258,AZ Phoenix,2742,11.3
3259,AZ Glendale,4935,12.6
3260,AZ Phoenix,4400,12.5
3261,AZ Phoenix,3037,6.8
3262,AZ Peoria,4078,7.6
3263,AZ Phoenix,5696,7.4
3264,AZ Phoenix,7512,6.6
3265,AZ Glendale,3336,7.9
3266,AZ Phoenix,2222,6.8
3267,AZ Mesa,3363,9.1
3268,AZ Glendale,5212,11.1
3269,AZ Mesa,4142,8.3
3270,AZ Glendale,4891,8.4
3271,AZ Phoenix,4065,6.6
3272,AZ Phoenix,4310,12.2
3273,AZ Mesa,4454,8.2
3274,AZ Peoria,3797,10.1
3275,AZ Phoenix,3149,15.1
3276,AZ Phoenix,3438,6.7
3277,AZ Mesa,5049,10.0
3278,AZ Glendale,4905,9.2
3279,AZ Phoenix,3619,9.6
3280,AZ Phoenix,2061,12.9
3281,AZ Phoenix,2578,6.5
3283,AZ Phoenix,3295,6.7
3284,AZ Phoenix,6514,4.5
3285,AZ Peoria,3595,10.7
3286,AZ Phoenix,4165,9.0
3287,AZ Mesa,3657,6.7
3288,AZ Phoenix,2700,7.5
3289,AZ Phoenix,2666,13.6
3290,AZ Phoenix,5332,12.7
3291,AZ Glendale,4068,12.9
3292,AZ Phoenix,2248,11.8
3293,AZ Glendale,4882,8.8
3294,AZ Phoenix,3758,12.6
3295,AZ Mesa,5617,10.0
3296,AZ Mesa,6346,6.5
3297,AZ Phoenix,3927,8.7
3298,AZ Mesa,4300,7.3
3299,AZ Phoenix,7123,11.7
3300,AZ Glendale,3318,6.2
3301,AZ Phoenix,1724,17.2
3302,AZ Mesa,750,10.9
3303,AZ Phoenix,5377,12.5
3304,AZ Phoenix,1789,6.1
3305,AZ Phoenix,2521,7.9
3306,AZ Glendale,2059,10.1
3307,AZ Peoria,2461,5.4
3308,AZ Phoenix,3230,9.7
3309,AZ Glendale,4841,11.5
3310,AZ Phoenix,4670,11.8
3311,AZ Phoenix,2348,7.5
3312,AZ Glendale,187,8.4
3313,AZ Phoenix,4738,6.6
3314,AZ Phoenix,2399,10.9
3315,AZ Mesa,5280,10.3
3316,AZ Phoenix,3838,15.5
3317,AZ Peoria,5341,5.8
3318,AZ Phoenix,6404,5.7
3319,AZ Phoenix,4563,10.9
