,NY_City,NY_PopByMM,NY_DeathPer100k
40,NY New York,8175133,10.9
41,NY Rochester,2580,13.6
42,NY Rochester,4430,12.3
44,NY Yonkers,195976,10.5
17147,NY Mount Vernon,4502,12.6
17149,NY Buffalo,1150,20.1
17153,NY Albany,5888,13.2
17154,NY Buffalo,1458,7.7
17160,NY Buffalo,3354,8.1
17163,NY Buffalo,3336,13.7
17165,NY Albany,3676,10.2
17166,NY Albany,2051,11.9
17168,NY Mount Vernon,3866,16.0
17169,NY Buffalo,2425,19.4
17174,NY New Rochelle,4993,7.4
17175,NY Buffalo,4704,9.1
17179,NY New Rochelle,6216,10.5
17180,NY Albany,3773,5.7
17182,NY Buffalo,2681,15.5
17183,NY Mount Vernon,3449,9.2
17184,NY Buffalo,5469,9.5
17185,NY Buffalo,2761,10.7
17195,NY Buffalo,4182,13.5
17201,NY Buffalo,4076,11.7
17202,NY Albany,2139,14.0
17204,NY New Rochelle,5340,9.7
17205,NY Albany,3816,9.4
17207,NY Buffalo,4577,14.4
17209,NY Buffalo,3957,14.6
17212,NY New Rochelle,77062,10.0
17219,NY Buffalo,2294,20.0
17223,NY Mount Vernon,3444,14.1
17225,NY Mount Vernon,3367,9.8
17228,NY Buffalo,3311,20.0
17229,NY Buffalo,2409,9.0
17230,NY New Rochelle,5252,10.8
17233,NY Buffalo,2460,11.4
17238,NY Buffalo,2589,7.6
17241,NY Buffalo,1485,21.5
17243,NY Albany,3560,6.0
17244,NY Mount Vernon,3524,15.7
17247,NY Buffalo,3154,10.8
17251,NY Buffalo,1549,1.5
17254,NY Buffalo,2917,11.4
17256,NY Albany,4606,5.8
17257,NY Buffalo,2923,14.3
17260,NY Buffalo,3819,7.7
17263,NY Buffalo,3089,9.7
17265,NY Mount Vernon,67292,12.9
17267,NY Buffalo,5975,13.0
17271,NY Mount Vernon,3071,11.0
17275,NY Buffalo,3072,19.9
17279,NY New Rochelle,5429,8.2
17280,NY Albany,2872,16.6
17282,NY Albany,3821,15.2
17283,NY New Rochelle,4603,10.6
17285,NY Albany,5771,10.2
17287,NY Buffalo,2346,19.2
17288,NY Buffalo,3948,13.6
17290,NY Buffalo,1798,7.6
17291,NY Buffalo,2466,13.7
17298,NY Buffalo,2451,21.8
17299,NY Buffalo,3514,7.1
17300,NY Buffalo,4986,13.7
17301,NY Buffalo,3773,14.7
17305,NY Buffalo,3520,17.9
17306,NY Buffalo,3766,8.3
17307,NY Buffalo,1639,12.2
17309,NY Albany,6579,9.4
17310,NY Buffalo,3565,20.6
17319,NY Mount Vernon,2819,13.1
17320,NY Buffalo,2262,11.9
17321,NY Mount Vernon,1467,8.8
17323,NY Buffalo,3108,16.4
17325,NY Buffalo,5983,8.8
17328,NY Albany,97856,9.3
17333,NY Buffalo,3253,22.3
17335,NY Buffalo,3035,16.3
17338,NY Buffalo,2757,21.1
17345,NY Buffalo,1997,19.5
17348,NY Buffalo,6709,11.7
17351,NY Buffalo,4709,5.6
17353,NY Buffalo,5730,9.1
17354,NY New Rochelle,5727,11.8
17356,NY Albany,2581,8.7
17357,NY New Rochelle,4242,10.9
17358,NY Buffalo,3133,14.8
17359,NY Buffalo,3366,12.4
17362,NY Albany,3412,10.4
17363,NY Albany,5165,13.4
17368,NY Mount Vernon,4088,13.3
17372,NY Mount Vernon,67292,12.1
17374,NY Buffalo,4165,16.2
17375,NY Mount Vernon,3817,12.9
17376,NY Albany,4415,7.6
17380,NY Buffalo,3380,7.1
17383,NY Buffalo,2187,16.9
17384,NY Albany,2393,18.9
17388,NY Albany,5203,0.9
17391,NY Buffalo,4497,17.2
17393,NY Buffalo,4054,12.1
17396,NY Mount Vernon,3894,10.8
17397,NY Buffalo,3634,9.5
17398,NY Buffalo,1374,1.3
17401,NY Buffalo,2441,7.8
17403,NY Buffalo,261310,13.5
17406,NY Buffalo,1777,16.7
17409,NY Buffalo,3119,23.4
17410,NY Mount Vernon,2639,17.4
17413,NY Mount Vernon,4334,12.0
17414,NY Buffalo,4468,17.7
17417,NY Buffalo,3027,8.1
17418,NY New Rochelle,6781,13.9
17419,NY Buffalo,4752,9.0
17420,NY New Rochelle,5424,7.8
17423,NY Albany,97856,11.2
17424,NY Albany,4021,7.6
17425,NY New Rochelle,3821,8.9
17428,NY Albany,2344,7.2
17431,NY Albany,2607,6.3
17432,NY Albany,2227,11.8
17437,NY Mount Vernon,2152,13.8
17441,NY Mount Vernon,6326,12.9
17447,NY Buffalo,4013,18.9
17450,NY Buffalo,2373,8.4
17451,NY Albany,3448,3.9
17452,NY New Rochelle,3299,10.4
17453,NY Buffalo,2654,17.6
17456,NY Buffalo,3642,17.0
17457,NY Buffalo,4881,12.4
17459,NY Buffalo,4257,13.5
17461,NY Buffalo,2682,18.6
17462,NY New Rochelle,77062,9.3
17467,NY New Rochelle,6121,7.5
17468,NY Buffalo,1961,14.1
17469,NY Albany,1169,19.8
17470,NY Buffalo,3850,8.3
17474,NY New Rochelle,4325,8.4
17479,NY Buffalo,2283,21.2
17482,NY Mount Vernon,2499,13.3
17483,NY Buffalo,3718,21.6
17485,NY Mount Vernon,3873,14.8
17488,NY Mount Vernon,1686,12.3
17489,NY Buffalo,2883,7.3
17491,NY Buffalo,261310,13.0
17494,NY New Rochelle,5489,12.4
17495,NY Albany,6046,14.3
17496,NY Buffalo,4416,9.5
17497,NY Albany,4273,5.8
17513,NY Mount Vernon,2475,13.9
17514,NY Buffalo,3224,10.7
17516,NY Buffalo,2608,22.1
17519,NY New York,1703,9.0
17520,NY New York,3277,9.3
17521,NY New York,1558,9.9
17522,NY New York,3402,9.8
17523,NY New York,2469,5.6
17524,NY New York,2127,12.6
17525,NY New York,2676,13.7
17526,NY New York,5074,11.7
17527,NY New York,2333,13.7
17528,NY New York,3914,14.6
17529,NY New York,1090,14.2
17530,NY New York,2295,10.2
17531,NY New York,4729,12.2
17532,NY New York,3915,10.1
17533,NY New York,1351,9.8
17534,NY New York,3554,8.5
17535,NY New York,3901,5.9
17536,NY New York,2722,12.3
17537,NY New York,3097,8.3
17538,NY New York,1076,5.0
17539,NY New York,4942,5.1
17540,NY New York,5464,13.6
17541,NY New York,6664,12.9
17542,NY New York,9572,9.7
17543,NY New York,8554,7.3
17544,NY New York,2984,8.2
17545,NY New York,4730,13.4
17546,NY New York,5102,18.1
17547,NY New York,2005,18.9
17548,NY New York,7817,10.6
17550,NY New York,6535,9.5
17551,NY New York,1912,11.6
17552,NY New York,1381,13.2
17553,NY New York,5001,12.9
17554,NY New York,2487,12.5
17555,NY New York,4550,12.4
17556,NY New York,4332,6.3
17557,NY New York,3262,5.2
17558,NY New York,6476,13.0
17559,NY New York,9033,13.0
17560,NY New York,2406,9.6
17561,NY New York,4120,11.9
17562,NY New York,2489,11.0
17563,NY New York,3806,12.0
17564,NY New York,4357,8.6
17565,NY New York,4247,5.6
17566,NY New York,1255,15.0
17567,NY New York,2364,6.9
17568,NY New York,5491,14.8
17569,NY New York,6777,10.2
17570,NY New York,4093,9.2
17571,NY New York,2721,12.6
17572,NY New York,4592,10.4
17573,NY New York,1802,13.7
17574,NY New York,2930,13.2
17575,NY New York,2010,11.4
17576,NY New York,2367,8.9
17577,NY New York,3752,11.8
17578,NY New York,2246,7.9
17579,NY New York,3712,8.4
17580,NY New York,4062,8.7
17581,NY New York,1647,14.7
17582,NY New York,4669,15.8
17583,NY New York,3088,9.0
17584,NY New York,4785,8.0
17585,NY New York,4348,11.1
17586,NY New York,2027,11.7
17587,NY New York,5240,11.9
17588,NY New York,6123,16.1
17589,NY New York,6743,11.3
17590,NY New York,3139,8.5
17591,NY New York,3236,14.2
17592,NY New York,1358,8.5
17593,NY New York,2481,8.3
17594,NY New York,3273,12.5
17595,NY New York,2766,11.9
17596,NY New York,3147,11.1
17597,NY New York,5598,12.8
17598,NY New York,1264,12.3
17599,NY New York,2975,12.3
17600,NY New York,8196,10.5
17601,NY New York,6380,5.6
17602,NY New York,7388,8.7
17603,NY New York,4284,11.3
17604,NY New York,3422,12.4
17605,NY New York,3836,10.6
17606,NY New York,2137,11.1
17607,NY New York,4340,13.8
17608,NY New York,3531,11.2
17609,NY New York,8521,12.7
17610,NY New York,1452,13.1
17611,NY New York,3296,11.5
17612,NY New York,2907,11.4
17613,NY New York,8478,14.4
17614,NY New York,4544,19.1
17615,NY New York,4875,4.7
17616,NY New York,2474,8.5
17617,NY New York,10149,11.7
17618,NY New York,4263,11.6
17619,NY New York,3907,8.2
17620,NY New York,3647,13.9
17621,NY New York,6372,7.8
17622,NY New York,2189,6.1
17623,NY New York,2055,11.2
17624,NY New York,2505,7.5
17625,NY New York,2339,12.5
17626,NY New York,3914,13.5
17627,NY New York,3572,9.1
17628,NY New York,2796,8.2
17629,NY New York,1579,13.2
17630,NY New York,5488,15.8
17631,NY New York,5283,16.5
17632,NY New York,8306,8.6
17633,NY New York,6008,11.6
17634,NY New York,5279,14.5
17635,NY New York,5368,12.6
17636,NY New York,3595,9.5
17637,NY New York,1675,9.7
17638,NY New York,2539,10.7
17639,NY New York,4395,11.3
17640,NY New York,3254,10.1
17641,NY New York,3292,10.6
17642,NY New York,3258,10.4
17643,NY New York,322,12.7
17644,NY New York,1663,13.4
17645,NY New York,3791,10.7
17647,NY New York,12774,5.4
17648,NY New York,3421,6.0
17649,NY New York,3142,17.1
17650,NY New York,3991,14.2
17651,NY New York,5415,15.1
17652,NY New York,8989,6.8
17653,NY New York,2690,13.1
17654,NY New York,1708,8.1
17655,NY New York,2164,19.0
17656,NY New York,4502,15.4
17657,NY New York,1818,13.2
17658,NY New York,5339,14.7
17659,NY New York,4611,9.5
17660,NY New York,6418,13.5
17661,NY New York,5308,9.4
17662,NY New York,7039,12.3
17663,NY New York,1351,9.0
17664,NY New York,3223,8.0
17665,NY New York,4511,6.4
17666,NY New York,3042,9.6
17667,NY New York,3313,12.3
17668,NY New York,6585,16.9
17669,NY New York,8490,7.5
17670,NY New York,3979,12.8
17671,NY New York,1818,8.1
17672,NY New York,4492,5.1
17673,NY New York,7564,13.3
17674,NY New York,2635,15.3
17675,NY New York,4100,10.9
17676,NY New York,5610,22.9
17677,NY New York,1769,12.3
17678,NY New York,1755,20.0
17679,NY New York,6151,9.2
17680,NY New York,7642,16.8
17681,NY New York,5090,11.4
17682,NY New York,1806,4.2
17683,NY New York,5826,8.2
17684,NY New York,1202,11.0
17685,NY New York,73,8.6
17686,NY New York,6369,10.4
17687,NY New York,6332,12.2
17688,NY New York,5128,12.8
17689,NY New York,2222,12.1
17690,NY New York,6735,9.2
17691,NY New York,3816,13.4
17693,NY New York,3359,4.6
17694,NY New York,1978,10.4
17695,NY New York,6031,9.0
17696,NY New York,1945,3.9
17697,NY New York,3619,10.9
17698,NY New York,5890,8.6
17699,NY New York,6547,17.7
17700,NY New York,1597,11.2
17701,NY New York,2802,19.7
17702,NY New York,4028,13.2
17703,NY New York,3498,9.0
17704,NY New York,1904,5.2
17705,NY New York,3587,12.5
17706,NY New York,4973,7.7
17707,NY New York,3847,10.8
17708,NY New York,8304,11.7
17709,NY New York,4064,13.7
17710,NY New York,3891,14.8
17711,NY New York,6019,17.2
17712,NY New York,4037,11.8
17713,NY New York,3936,5.9
17714,NY New York,2578,11.1
17715,NY New York,3380,13.0
17716,NY New York,1554,7.2
17717,NY New York,2059,8.2
17718,NY New York,2559,9.5
17719,NY New York,1540,12.9
17720,NY New York,1453,8.3
17721,NY New York,5689,10.0
17722,NY New York,3252,9.2
17723,NY New York,4159,4.8
17724,NY New York,4573,15.9
17725,NY New York,3250,10.5
17726,NY New York,3674,11.5
17727,NY New York,6126,13.0
17728,NY New York,9350,6.4
17729,NY New York,2412,14.1
17730,NY New York,4413,10.1
17731,NY New York,4281,12.4
17732,NY New York,5542,5.0
17733,NY New York,1915,10.4
17734,NY New York,3217,14.2
17735,NY New York,1583,12.8
17736,NY New York,6863,12.5
17737,NY New York,3000,11.1
17738,NY New York,2615,10.3
17739,NY New York,8300,11.3
17740,NY New York,1597,13.3
17741,NY New York,7485,10.9
17742,NY New York,6006,14.9
17743,NY New York,4587,14.9
17744,NY New York,3780,9.6
17745,NY New York,6427,15.8
17746,NY New York,7835,14.4
17747,NY New York,3893,16.9
17748,NY New York,2257,15.1
17749,NY New York,2829,11.0
17750,NY New York,2603,5.4
17751,NY New York,1579,9.9
17753,NY New York,2388,8.2
17754,NY New York,2867,7.0
17755,NY New York,3598,6.8
17756,NY New York,4304,12.9
17757,NY New York,2829,14.4
17758,NY New York,5307,8.4
17759,NY New York,2526,14.8
17760,NY New York,2120,8.8
17761,NY New York,1076,8.5
17762,NY New York,1790,13.9
17763,NY New York,8938,14.1
17764,NY New York,1326,9.9
17765,NY New York,6106,15.2
17766,NY New York,1830,14.2
17767,NY New York,5331,11.3
17768,NY New York,3461,8.7
17769,NY New York,1355,11.2
17770,NY New York,3454,9.5
17771,NY New York,3681,11.0
17772,NY New York,2455,9.7
17773,NY New York,8866,8.0
17775,NY New York,3041,5.6
17776,NY New York,6740,13.4
17777,NY New York,4031,15.1
17778,NY New York,4195,8.3
17779,NY New York,4398,13.2
17780,NY New York,2886,17.4
17781,NY New York,2324,10.5
17782,NY New York,1945,8.3
17783,NY New York,2743,12.9
17784,NY New York,1209,10.3
17785,NY New York,751,4.2
17786,NY New York,3322,5.3
17787,NY New York,3255,5.4
17788,NY New York,6463,7.9
17789,NY New York,3386,10.6
17790,NY New York,1420,14.4
17791,NY New York,7143,17.1
17792,NY New York,5619,10.9
17793,NY New York,3710,15.4
17794,NY New York,1899,11.4
17795,NY New York,3250,13.4
17796,NY New York,2635,9.2
17797,NY New York,2740,11.7
17798,NY New York,2794,11.9
17799,NY New York,2303,12.6
17800,NY New York,3075,5.5
17801,NY New York,2481,14.5
17802,NY New York,2750,11.8
17803,NY New York,2032,10.5
17804,NY New York,2711,16.6
17805,NY New York,3300,13.6
17806,NY New York,7026,5.3
17807,NY New York,2868,15.1
17808,NY New York,3154,16.7
17809,NY New York,3193,10.4
17810,NY New York,1478,6.7
17811,NY New York,2332,6.3
17812,NY New York,5065,12.4
17813,NY New York,2289,6.8
17814,NY New York,5495,10.5
17815,NY New York,1966,10.7
17816,NY New York,1201,14.9
17817,NY New York,2736,8.1
17818,NY New York,4321,8.2
17819,NY New York,2016,10.3
17820,NY New York,5720,10.3
17821,NY New York,2967,11.8
17822,NY New York,2414,13.7
17823,NY New York,56,9.1
17824,NY New York,3040,3.6
17825,NY New York,5811,7.8
17826,NY New York,4645,11.6
17827,NY New York,2253,16.3
17828,NY New York,2510,10.4
17829,NY New York,6330,8.8
17830,NY New York,3017,5.3
17831,NY New York,4573,11.8
17832,NY New York,1464,10.6
17833,NY New York,5873,14.6
17834,NY New York,2220,8.9
17835,NY New York,2319,12.1
17836,NY New York,2594,13.5
17837,NY New York,4228,10.9
17838,NY New York,1537,13.7
17839,NY New York,3827,17.6
17840,NY New York,2105,11.2
17841,NY New York,3307,8.6
17842,NY New York,1931,14.2
17843,NY New York,2303,10.4
17844,NY New York,4446,9.8
17845,NY New York,2423,12.8
17846,NY New York,1657,9.3
17847,NY New York,4116,9.6
17848,NY New York,1371,7.6
17849,NY New York,3456,11.5
17850,NY New York,4353,12.5
17851,NY New York,1730,8.5
17852,NY New York,6617,12.7
17853,NY New York,4210,12.4
17855,NY New York,3575,10.5
17856,NY New York,3090,11.9
17857,NY New York,3897,11.1
17858,NY New York,3487,11.2
17859,NY New York,3850,13.6
17860,NY New York,4013,14.0
17861,NY New York,2912,11.5
17862,NY New York,1722,13.4
17863,NY New York,3450,8.9
17864,NY New York,4172,3.8
17865,NY New York,3946,11.4
17866,NY New York,2698,11.6
17867,NY New York,4120,11.8
17868,NY New York,4180,11.1
17869,NY New York,1533,10.1
17870,NY New York,5429,4.9
17871,NY New York,6382,13.0
17872,NY New York,2910,7.1
17873,NY New York,3931,18.0
17874,NY New York,1338,11.8
17875,NY New York,3207,7.8
17876,NY New York,4033,13.1
17877,NY New York,3384,10.8
17878,NY New York,5643,16.4
17879,NY New York,5650,4.9
17880,NY New York,4206,13.3
17881,NY New York,3228,13.2
17882,NY New York,4163,12.6
17883,NY New York,5257,11.5
17884,NY New York,6218,10.3
17885,NY New York,1053,12.5
17886,NY New York,117,4.8
17887,NY New York,3054,14.1
17889,NY New York,3574,9.2
17890,NY New York,1983,13.3
17891,NY New York,2927,12.6
17892,NY New York,1762,7.5
17893,NY New York,4741,7.8
17894,NY New York,3067,13.1
17895,NY New York,3318,4.1
17896,NY New York,4425,11.9
17897,NY New York,3451,15.3
17898,NY New York,3301,5.0
17899,NY New York,1964,5.2
17900,NY New York,3025,7.6
17901,NY New York,3415,13.8
17903,NY New York,1960,10.4
17904,NY New York,1752,13.9
17905,NY New York,4527,8.3
17906,NY New York,2449,10.4
17907,NY New York,3364,3.5
17908,NY New York,1663,12.3
17909,NY New York,7628,10.9
17910,NY New York,4362,8.9
17911,NY New York,3834,18.3
17912,NY New York,3749,5.6
17913,NY New York,3216,18.9
17914,NY New York,2443,7.8
17915,NY New York,3406,10.6
17916,NY New York,1577,14.5
17917,NY New York,5110,16.6
17918,NY New York,4591,9.6
17919,NY New York,3184,11.9
17920,NY New York,3416,12.7
17921,NY New York,3871,11.1
17922,NY New York,1199,7.7
17924,NY New York,3083,12.1
17925,NY New York,1972,8.4
17926,NY New York,3420,11.9
17927,NY New York,5600,11.1
17928,NY New York,2289,13.7
17929,NY New York,5028,8.4
17930,NY New York,2426,14.1
17931,NY New York,4235,11.6
17932,NY New York,2058,9.4
17933,NY New York,5175,11.1
17934,NY New York,1056,14.2
17935,NY New York,4132,10.4
17936,NY New York,3042,6.5
17937,NY New York,4441,12.7
17938,NY New York,3818,11.9
17939,NY New York,7917,11.6
17940,NY New York,2447,4.8
17941,NY New York,5280,14.0
17942,NY New York,4915,13.8
17943,NY New York,2880,9.2
17944,NY New York,6127,12.9
17945,NY New York,1236,8.0
17946,NY New York,2178,10.7
17947,NY New York,6471,5.8
17948,NY New York,3926,12.4
17949,NY New York,2601,8.9
17950,NY New York,4294,16.4
17951,NY New York,4604,12.2
17952,NY New York,1803,9.0
17953,NY New York,1619,6.1
17954,NY New York,1675,13.5
17955,NY New York,3493,9.2
17956,NY New York,3865,7.8
17957,NY New York,2898,11.0
17958,NY New York,2632,9.8
17959,NY New York,1142,12.8
17960,NY New York,4256,13.8
17961,NY New York,6170,12.4
17962,NY New York,2167,11.1
17963,NY New York,2662,8.6
17964,NY New York,2057,10.7
17965,NY New York,6624,6.1
17966,NY New York,2287,10.8
17967,NY New York,3657,8.9
17968,NY New York,3218,11.4
17969,NY New York,3177,16.6
17970,NY New York,2302,10.7
17971,NY New York,3649,11.5
17972,NY New York,4763,14.7
17973,NY New York,6942,11.9
17974,NY New York,5434,18.7
17975,NY New York,4767,14.5
17976,NY New York,8729,12.2
17977,NY New York,2996,14.0
17978,NY New York,3178,11.3
17979,NY New York,1914,12.7
17980,NY New York,2101,12.0
17981,NY New York,4323,14.6
17982,NY New York,3677,16.5
17983,NY New York,2152,11.5
17984,NY New York,1649,11.2
17985,NY New York,4643,14.0
17986,NY New York,3598,11.8
17987,NY New York,1943,9.8
17988,NY New York,3090,14.6
17989,NY New York,2105,8.1
17990,NY New York,5546,9.8
17991,NY New York,5228,14.0
17992,NY New York,3075,12.2
17993,NY New York,7112,14.5
17994,NY New York,6404,14.2
17995,NY New York,1367,14.6
17996,NY New York,1542,10.0
17997,NY New York,2127,9.3
17998,NY New York,1486,10.7
17999,NY New York,2516,6.7
18000,NY New York,2100,9.7
18001,NY New York,2096,11.7
18002,NY New York,1476,9.3
18003,NY New York,4279,9.3
18004,NY New York,1764,19.0
18005,NY New York,1537,15.7
18006,NY New York,2657,10.5
18007,NY New York,6887,12.9
18008,NY New York,6737,15.0
18009,NY New York,2371,14.3
18010,NY New York,3168,9.5
18011,NY New York,2771,10.9
18012,NY New York,3568,11.7
18013,NY New York,6193,10.2
18014,NY New York,4968,8.7
18015,NY New York,2983,13.4
18016,NY New York,5156,4.2
18017,NY New York,10820,6.6
18018,NY New York,1623,14.1
18019,NY New York,3029,8.3
18020,NY New York,1270,8.5
18021,NY New York,2516,11.4
18022,NY New York,3730,4.8
18023,NY New York,8175133,11.1
18024,NY New York,3495,10.3
18025,NY New York,4970,11.0
18026,NY New York,3122,4.9
18027,NY New York,3794,14.5
18028,NY New York,3892,9.3
18029,NY New York,3651,16.6
18030,NY New York,3786,10.1
18031,NY New York,5461,3.9
18032,NY New York,2607,13.6
18033,NY New York,1241,13.1
18034,NY New York,7066,5.3
18035,NY New York,4495,13.5
18036,NY New York,3633,9.6
18038,NY New York,7275,7.8
18039,NY New York,1422,11.0
18040,NY New York,7980,12.7
18041,NY New York,8887,13.2
18042,NY New York,2826,7.6
18043,NY New York,4700,10.4
18044,NY New York,1504,11.1
18045,NY New York,1152,12.2
18046,NY New York,1551,12.2
18047,NY New York,4135,10.8
18048,NY New York,1673,10.8
18049,NY New York,6502,19.4
18050,NY New York,2530,9.5
18051,NY New York,1304,13.2
18052,NY New York,1773,11.2
18053,NY New York,3838,11.8
18054,NY New York,2680,10.1
18055,NY New York,3849,12.8
18056,NY New York,3625,9.1
18057,NY New York,2795,13.1
18058,NY New York,3101,13.4
18059,NY New York,2881,10.6
18060,NY New York,1833,11.5
18061,NY New York,3397,11.4
18062,NY New York,3400,13.0
18063,NY New York,2577,10.3
18064,NY New York,3216,11.8
18065,NY New York,5325,9.9
18066,NY New York,2253,14.0
18067,NY New York,1731,2.7
18068,NY New York,4018,11.9
18069,NY New York,1788,10.6
18070,NY New York,2504,9.2
18071,NY New York,2896,11.3
18072,NY New York,2047,13.5
18073,NY New York,1655,4.3
18074,NY New York,1621,7.4
18075,NY New York,4024,11.1
18076,NY New York,4814,11.7
18077,NY New York,2161,13.1
18078,NY New York,5301,10.9
18079,NY New York,1578,17.0
18080,NY New York,6208,5.2
18081,NY New York,2413,11.3
18082,NY New York,2374,10.6
18083,NY New York,8428,13.6
18084,NY New York,8463,13.0
18085,NY New York,2228,5.9
18086,NY New York,1887,8.4
18087,NY New York,2164,12.2
18088,NY New York,3934,7.7
18089,NY New York,3920,11.7
18090,NY New York,3820,9.9
18091,NY New York,3737,13.3
18092,NY New York,3521,7.5
18093,NY New York,5955,11.0
18094,NY New York,4160,10.3
18095,NY New York,4259,8.9
18096,NY New York,2640,10.3
18097,NY New York,3005,17.7
18098,NY New York,1054,11.4
18099,NY New York,3317,9.7
18100,NY New York,1123,9.2
18101,NY New York,11740,6.7
18102,NY New York,6232,10.7
18103,NY New York,3624,10.2
18104,NY New York,12444,5.0
18105,NY New York,3923,13.5
18106,NY New York,5224,3.7
18107,NY New York,8109,2.2
18108,NY New York,2058,3.8
18109,NY New York,3928,6.3
18110,NY New York,3778,10.9
18111,NY New York,1852,8.4
18112,NY New York,1810,10.9
18113,NY New York,3744,6.5
18114,NY New York,2811,10.1
18115,NY New York,3596,4.7
18116,NY New York,2690,9.8
18117,NY New York,3578,5.2
18118,NY New York,8234,5.9
18119,NY New York,2310,8.0
18120,NY New York,2931,11.4
18121,NY New York,2173,11.8
18122,NY New York,2943,10.4
18123,NY New York,2950,9.9
18124,NY New York,5145,3.2
18125,NY New York,6220,11.4
18126,NY New York,3848,7.3
18127,NY New York,8348,13.5
18128,NY New York,8780,8.3
18129,NY New York,4597,11.6
18130,NY New York,5280,13.1
18131,NY New York,6398,12.3
18132,NY New York,3554,12.1
18133,NY New York,3500,13.2
18134,NY New York,2229,6.2
18135,NY New York,1368,13.5
18136,NY New York,2782,9.1
18137,NY New York,1545,12.3
18138,NY New York,8974,6.7
18139,NY New York,5308,10.9
18140,NY New York,4241,15.9
18141,NY New York,5851,14.7
18142,NY New York,8185,10.4
18143,NY New York,7027,6.3
18144,NY New York,3979,8.5
18145,NY New York,2624,16.4
18146,NY New York,4853,11.5
18147,NY New York,2098,13.8
18148,NY New York,6426,17.3
18149,NY New York,2506,12.8
18150,NY New York,4497,7.1
18151,NY New York,1442,14.6
18152,NY New York,3667,14.5
18153,NY New York,5586,13.0
18154,NY New York,3367,13.1
18155,NY New York,8726,12.6
18156,NY New York,3254,8.3
18157,NY New York,2778,7.2
18158,NY New York,7430,9.7
18159,NY New York,3761,10.9
18160,NY New York,5582,14.5
18161,NY New York,3186,6.5
18162,NY New York,3633,7.7
18163,NY New York,1277,8.8
18164,NY New York,3712,12.0
18165,NY New York,4102,9.0
18166,NY New York,1675,10.5
18167,NY New York,5248,16.3
18168,NY New York,7476,1.9
18169,NY New York,1708,9.6
18170,NY New York,2128,10.6
18171,NY New York,3931,12.3
18172,NY New York,4947,14.7
18173,NY New York,3755,9.5
18174,NY New York,2097,8.1
18175,NY New York,1643,9.0
18176,NY New York,3883,13.0
18177,NY New York,4361,13.1
18178,NY New York,2814,13.1
18179,NY New York,4573,8.9
18180,NY New York,2750,11.6
18181,NY New York,2523,14.1
18182,NY New York,2755,3.1
18183,NY New York,7229,4.9
18184,NY New York,4814,13.0
18185,NY New York,2178,7.2
18186,NY New York,2549,4.9
18187,NY New York,2880,11.0
18188,NY New York,4412,13.9
18189,NY New York,4380,17.2
18190,NY New York,2543,15.0
18191,NY New York,4759,8.9
18192,NY New York,5403,12.5
18193,NY New York,3178,10.4
18194,NY New York,5101,12.7
18195,NY New York,4773,11.6
18196,NY New York,3048,12.7
18197,NY New York,2783,8.5
18198,NY New York,2005,11.0
18199,NY New York,4693,9.6
18200,NY New York,7608,12.3
18201,NY New York,8047,5.2
18202,NY New York,7627,10.3
18203,NY New York,2942,11.2
18204,NY New York,14934,12.3
18205,NY New York,3620,9.7
18206,NY New York,4864,16.8
18207,NY New York,2630,11.3
18208,NY New York,4042,12.3
18209,NY New York,2970,9.6
18210,NY New York,4797,13.0
18211,NY New York,2109,12.6
18212,NY New York,1957,9.6
18214,NY New York,3306,12.4
18215,NY New York,2910,12.5
18216,NY New York,3299,10.5
18217,NY New York,2770,11.6
18218,NY New York,3822,13.5
18219,NY New York,6038,4.9
18220,NY New York,5094,11.9
18221,NY New York,7942,12.6
18222,NY New York,2002,10.4
18223,NY New York,4250,10.6
18224,NY New York,1633,19.3
18225,NY New York,2126,8.5
18226,NY New York,2280,13.2
18227,NY New York,3770,12.3
18228,NY New York,5207,14.1
18229,NY New York,4227,9.7
18230,NY New York,2102,8.7
18231,NY New York,3803,15.0
18232,NY New York,2863,15.3
18233,NY New York,7114,10.7
18234,NY New York,151,7.4
18235,NY New York,6734,11.6
18236,NY New York,4085,9.1
18237,NY New York,4382,16.6
18238,NY New York,3053,14.7
18239,NY New York,2701,8.0
18240,NY New York,5403,14.6
18241,NY New York,10751,5.1
18242,NY New York,2155,12.7
18243,NY New York,2772,10.9
18244,NY New York,4222,13.8
18245,NY New York,2084,6.3
18246,NY New York,3154,11.8
18247,NY New York,3670,9.4
18248,NY New York,4552,9.4
18249,NY New York,8106,14.0
18250,NY New York,2229,9.7
18251,NY New York,1772,9.8
18252,NY New York,3033,11.2
18253,NY New York,3990,17.8
18254,NY New York,2011,12.9
18255,NY New York,1074,13.5
18256,NY New York,1234,13.9
18257,NY New York,3975,12.4
18258,NY New York,3571,11.3
18259,NY New York,10910,11.5
18260,NY New York,5677,4.6
18261,NY New York,5764,16.1
18262,NY New York,3474,6.8
18263,NY New York,3095,9.2
18264,NY New York,1795,10.7
18265,NY New York,2730,10.6
18266,NY New York,1384,6.0
18267,NY New York,4232,9.0
18268,NY New York,2926,9.3
18270,NY New York,3265,14.6
18271,NY New York,8807,7.7
18272,NY New York,5370,13.6
18273,NY New York,1567,10.4
18274,NY New York,2267,12.7
18275,NY New York,3516,10.8
18276,NY New York,4800,10.6
18277,NY New York,3963,6.1
18278,NY New York,5644,6.7
18279,NY New York,4693,11.2
18280,NY New York,3233,11.4
18282,NY New York,6384,15.6
18283,NY New York,3646,11.6
18284,NY New York,1270,11.1
18285,NY New York,2012,8.5
18286,NY New York,3499,11.4
18287,NY New York,7756,13.6
18288,NY New York,6002,12.8
18289,NY New York,2643,13.2
18290,NY New York,4358,14.8
18291,NY New York,4035,15.8
18292,NY New York,2031,16.1
18293,NY New York,6129,14.1
18294,NY New York,3583,14.3
18295,NY New York,2252,11.4
18296,NY New York,5141,5.6
18297,NY New York,7698,14.7
18298,NY New York,7855,14.2
18299,NY New York,1389,10.9
18300,NY New York,5823,8.4
18301,NY New York,2189,13.1
18302,NY New York,2277,4.4
18303,NY New York,2652,10.5
18304,NY New York,3275,8.8
18305,NY New York,4525,16.3
18306,NY New York,4047,11.0
18307,NY New York,1840,9.4
18308,NY New York,5052,8.5
18309,NY New York,4299,8.8
18310,NY New York,4678,7.8
18311,NY New York,3930,15.2
18312,NY New York,5333,11.4
18313,NY New York,2265,10.7
18314,NY New York,1949,7.2
18315,NY New York,3637,13.0
18316,NY New York,2595,13.5
18317,NY New York,3259,11.1
18318,NY New York,1889,11.0
18319,NY New York,2897,13.2
18320,NY New York,5513,13.6
18321,NY New York,6743,4.9
18322,NY New York,5555,14.5
18323,NY New York,1630,5.1
18324,NY New York,2813,12.4
18325,NY New York,1989,8.0
18326,NY New York,2618,3.8
18327,NY New York,2383,9.5
18328,NY New York,1614,10.7
18329,NY New York,1789,9.2
18330,NY New York,1401,6.2
18331,NY New York,9320,5.1
18332,NY New York,2670,9.7
18333,NY New York,1745,9.7
18334,NY New York,73,9.1
18335,NY New York,4870,10.2
18336,NY New York,11236,12.7
18337,NY New York,3484,18.1
18338,NY New York,4120,12.3
18339,NY New York,2159,5.5
18340,NY New York,1532,12.4
18341,NY New York,5699,11.2
18342,NY New York,2700,8.1
18343,NY New York,4871,7.8
18344,NY New York,1735,3.7
18345,NY New York,1153,15.0
18346,NY New York,4700,9.1
18347,NY New York,3246,7.7
18348,NY New York,4297,9.0
18349,NY New York,7509,15.4
18350,NY New York,2756,9.6
18351,NY New York,2148,11.0
18352,NY New York,5141,8.9
18353,NY New York,1102,14.0
18354,NY New York,5698,16.2
18355,NY New York,3319,10.9
18357,NY New York,4869,22.8
18358,NY New York,4064,11.7
18359,NY New York,3425,13.4
18360,NY New York,2931,10.9
18361,NY New York,3065,9.1
18362,NY New York,1579,6.2
18363,NY New York,7501,14.0
18364,NY New York,4473,11.8
18365,NY New York,4869,15.4
18366,NY New York,2451,8.2
18367,NY New York,2067,16.1
18368,NY New York,2833,12.5
18369,NY New York,1647,12.1
18370,NY New York,3518,10.7
18371,NY New York,6606,11.1
18372,NY New York,4413,11.8
18373,NY New York,4278,12.5
18374,NY New York,5769,13.3
18375,NY New York,3487,11.9
18376,NY New York,2532,12.5
18377,NY New York,1938,11.1
18378,NY New York,2596,12.5
18379,NY New York,4329,12.4
18380,NY New York,1268,12.9
18381,NY New York,2974,11.7
18382,NY New York,6016,13.1
18383,NY New York,2082,7.7
18384,NY New York,5253,13.6
18385,NY New York,5432,13.4
18386,NY New York,5196,12.3
18387,NY New York,3135,10.1
18388,NY New York,3024,18.6
18389,NY New York,2950,9.0
18390,NY New York,5161,11.7
18391,NY New York,5388,14.5
18392,NY New York,4508,8.2
18393,NY New York,4478,13.0
18394,NY New York,3493,10.1
18395,NY New York,4033,15.5
18396,NY New York,2684,11.7
18397,NY New York,3341,10.0
18398,NY New York,1067,9.0
18399,NY New York,2804,16.4
18400,NY New York,4015,15.5
18401,NY New York,1907,13.2
18402,NY New York,5842,5.7
18403,NY New York,2980,11.5
18404,NY New York,9612,11.2
18405,NY New York,3295,9.4
18406,NY New York,7316,4.9
18407,NY New York,4591,8.9
18408,NY New York,6074,9.0
18409,NY New York,3478,7.8
18410,NY New York,2370,14.2
18411,NY New York,4310,6.6
18412,NY New York,1851,10.9
18413,NY New York,3426,14.8
18414,NY New York,1993,7.6
18415,NY New York,10218,4.4
18416,NY New York,6317,13.0
18417,NY New York,1191,8.6
18418,NY New York,4338,8.5
18419,NY New York,2234,8.2
18420,NY New York,2276,6.5
18421,NY New York,6401,11.0
18422,NY New York,2114,11.8
18423,NY New York,3804,8.3
18424,NY New York,1850,7.9
18425,NY New York,2876,9.8
18426,NY New York,3555,14.0
18427,NY New York,1819,11.5
18428,NY New York,4146,14.5
18429,NY New York,5271,10.8
18430,NY New York,5880,16.2
18431,NY New York,1786,8.1
18432,NY New York,4750,12.5
18433,NY New York,1701,14.7
18434,NY New York,12330,13.2
18435,NY New York,7752,13.7
18436,NY New York,641,5.7
18437,NY New York,2300,13.8
18438,NY New York,3490,12.6
18439,NY New York,3571,12.2
18440,NY New York,5056,16.5
18441,NY New York,2093,11.4
18442,NY New York,1922,11.3
18443,NY New York,1374,14.1
18444,NY New York,3550,10.4
18445,NY New York,8664,3.7
18446,NY New York,2249,9.3
18447,NY New York,9151,9.8
18448,NY New York,6155,14.5
18449,NY New York,2242,8.2
18450,NY New York,3568,8.4
18451,NY New York,2303,5.1
18452,NY New York,11174,5.2
18453,NY New York,4105,9.4
18454,NY New York,4618,12.3
18455,NY New York,4039,19.8
18456,NY New York,5714,9.1
18457,NY New York,2111,8.2
18458,NY New York,5583,9.4
18459,NY New York,3891,11.0
18460,NY New York,4805,14.9
18461,NY New York,3640,14.8
18462,NY New York,2660,11.1
18463,NY New York,3673,14.9
18464,NY New York,6151,8.5
18465,NY New York,5865,12.0
18466,NY New York,1946,13.4
18467,NY New York,2567,12.1
18468,NY New York,113,12.2
18469,NY New York,2708,11.6
18470,NY New York,2401,14.7
18471,NY New York,2145,7.8
18472,NY New York,4490,13.5
18473,NY New York,5218,13.5
18474,NY New York,3380,10.5
18475,NY New York,9257,5.9
18476,NY New York,4917,11.2
18477,NY New York,2197,8.8
18478,NY New York,2596,5.1
18479,NY New York,10290,16.6
18480,NY New York,4097,13.8
18481,NY New York,2239,12.4
18482,NY New York,2724,14.7
18483,NY New York,4193,15.4
18484,NY New York,2231,14.2
18485,NY New York,3556,11.5
18486,NY New York,2971,12.6
18487,NY New York,12087,14.0
18488,NY New York,3427,8.9
18489,NY New York,2244,12.1
18490,NY New York,6768,14.0
18491,NY New York,1735,12.6
18492,NY New York,3388,12.9
18493,NY New York,5378,7.8
18494,NY New York,2348,12.4
18495,NY New York,161,16.6
18496,NY New York,11367,19.6
18497,NY New York,327,3.7
18498,NY New York,3425,11.1
18499,NY New York,4591,15.6
18500,NY New York,1236,14.5
18501,NY New York,4613,14.6
18502,NY New York,2579,10.2
18503,NY New York,3502,10.7
18504,NY New York,8106,11.5
18505,NY New York,2781,4.8
18506,NY New York,1480,10.8
18507,NY New York,4963,10.9
18508,NY New York,4544,10.8
18509,NY New York,3694,11.3
18510,NY New York,3667,9.3
18511,NY New York,3481,6.1
18512,NY New York,3396,14.8
18513,NY New York,3151,6.3
18514,NY New York,2994,11.6
18515,NY New York,9680,14.4
18516,NY New York,1917,10.4
18517,NY New York,1487,12.0
18518,NY New York,5071,11.3
18519,NY New York,2592,14.5
18520,NY New York,4507,7.6
18521,NY New York,9039,5.0
18522,NY New York,3381,15.8
18523,NY New York,1668,14.4
18524,NY New York,5708,6.2
18525,NY New York,3500,11.9
18526,NY New York,1932,12.1
18527,NY New York,3433,10.4
18528,NY New York,2231,10.2
18529,NY New York,1657,11.5
18530,NY New York,9237,4.7
18531,NY New York,3314,12.1
18532,NY New York,2644,9.6
18533,NY New York,3238,10.4
18534,NY New York,6402,6.1
18535,NY New York,5643,10.1
18536,NY New York,3543,13.0
18537,NY New York,1447,10.2
18538,NY New York,5267,11.2
18539,NY New York,3694,7.7
18540,NY New York,6966,10.6
18541,NY New York,3430,13.3
18542,NY New York,230,6.6
18543,NY New York,5457,13.6
18544,NY New York,2131,15.8
18545,NY New York,2838,8.6
18546,NY New York,5153,10.6
18547,NY New York,2357,10.8
18548,NY New York,3841,8.4
18549,NY New York,4377,14.7
18550,NY New York,914,10.6
18551,NY New York,3131,4.9
18552,NY New York,2303,10.5
18553,NY New York,3139,10.0
18554,NY New York,4835,11.5
18555,NY New York,8277,15.0
18556,NY New York,2786,5.6
18557,NY New York,6155,8.9
18558,NY New York,2472,9.6
18559,NY New York,4536,5.3
18560,NY New York,8767,5.6
18561,NY New York,3882,12.1
18562,NY New York,3272,5.4
18563,NY New York,1553,14.6
18564,NY New York,3584,17.9
18565,NY New York,3967,14.7
18567,NY New York,3761,13.5
18568,NY New York,1907,12.7
18569,NY New York,3829,12.5
18570,NY New York,3313,7.7
18571,NY New York,3325,4.9
18572,NY New York,6461,18.2
18573,NY New York,5420,13.0
18574,NY New York,2147,10.6
18575,NY New York,6040,3.2
18576,NY New York,2772,11.0
18577,NY New York,2513,9.9
18578,NY New York,3001,13.1
18579,NY New York,8977,8.7
18580,NY New York,3344,12.5
18581,NY New York,2539,11.6
18582,NY New York,2658,7.5
18583,NY New York,2582,16.1
18584,NY New York,3550,11.5
18585,NY New York,5281,14.4
18586,NY New York,2042,7.2
18587,NY New York,2608,5.8
18588,NY New York,5810,16.9
18589,NY New York,2838,14.5
18590,NY New York,2064,6.9
18591,NY New York,5113,9.6
18592,NY New York,1530,5.7
18593,NY New York,2361,11.8
18594,NY New York,2600,11.9
18595,NY New York,5943,16.3
18596,NY New York,1349,10.3
18597,NY New York,764,5.1
18598,NY New York,2619,14.5
18599,NY New York,2275,8.9
18600,NY New York,1411,6.7
18601,NY New York,2327,5.3
18602,NY New York,3050,14.0
18603,NY New York,4214,11.5
18604,NY New York,5226,8.7
18605,NY New York,2931,11.7
18606,NY New York,9943,16.0
18607,NY New York,2199,10.7
18608,NY New York,2863,5.7
18609,NY New York,8583,8.8
18610,NY New York,4481,9.7
18611,NY New York,2608,17.1
18612,NY New York,966,7.4
18613,NY New York,4372,14.2
18614,NY New York,3149,14.3
18615,NY New York,2017,9.6
18616,NY New York,2157,15.7
18617,NY New York,7642,13.0
18618,NY New York,4864,11.0
18619,NY New York,9623,6.2
18620,NY New York,3176,11.0
18621,NY New York,6422,9.2
18622,NY New York,3608,13.1
18623,NY New York,3927,7.7
18624,NY New York,2061,16.0
18625,NY New York,5966,4.8
18626,NY New York,5443,17.2
18627,NY New York,4864,6.2
18628,NY New York,3533,11.3
18629,NY New York,1465,12.8
18630,NY New York,1791,10.0
18631,NY New York,8525,10.3
18632,NY New York,5047,16.7
18633,NY New York,3543,4.3
18634,NY New York,1416,8.6
18635,NY New York,5318,18.3
18636,NY New York,5263,7.5
18637,NY New York,1411,9.3
18638,NY New York,2975,10.5
18639,NY New York,7625,12.7
18640,NY New York,2632,9.4
18641,NY New York,5281,16.7
18642,NY New York,5701,13.6
18643,NY New York,1806,14.6
18644,NY New York,2606,12.8
18645,NY New York,2217,17.6
18646,NY New York,2788,11.1
18647,NY New York,7074,12.6
18648,NY New York,6928,17.4
18649,NY New York,5456,12.9
18650,NY New York,4596,13.6
18651,NY New York,2969,10.7
18652,NY New York,1660,12.4
18653,NY New York,6182,13.6
18654,NY New York,10266,14.1
18655,NY New York,3597,9.3
18656,NY New York,8108,5.7
18657,NY New York,3566,10.4
18658,NY New York,10590,4.6
18659,NY New York,3434,7.9
18660,NY New York,3870,10.3
18661,NY New York,4843,9.8
18662,NY New York,1896,8.6
18663,NY New York,3927,13.1
18664,NY New York,3580,13.2
18665,NY New York,1543,9.2
18666,NY New York,3193,8.6
18667,NY New York,1232,7.9
18668,NY New York,3878,12.7
18669,NY New York,2540,5.7
18670,NY New York,3064,14.3
18671,NY New York,2969,12.9
18672,NY New York,3676,6.7
18673,NY New York,1003,21.0
18674,NY New York,4230,13.1
18675,NY New York,2929,7.2
18676,NY New York,4427,14.6
18677,NY New York,6984,16.9
18678,NY New York,4693,11.6
18679,NY New York,5376,11.3
18680,NY New York,4437,7.4
18681,NY New York,4221,10.3
18682,NY New York,2638,12.1
18683,NY New York,1863,10.0
18684,NY New York,4551,11.7
18685,NY New York,2929,10.8
18686,NY New York,1574,8.9
18687,NY New York,2550,3.6
18688,NY New York,5474,9.6
18689,NY New York,6387,12.1
18690,NY New York,4383,4.9
18691,NY New York,3814,13.3
18692,NY New York,2656,13.7
18693,NY New York,2754,11.0
18694,NY New York,5074,8.6
18695,NY New York,1643,12.1
18697,NY New York,1116,10.7
18698,NY New York,2552,7.3
18699,NY New York,1628,13.1
18700,NY New York,3876,7.9
18701,NY New York,5377,5.2
18702,NY New York,3933,12.3
18703,NY New York,5949,6.7
18704,NY New York,4677,14.2
18705,NY New York,2303,13.5
18706,NY New York,2518,9.4
18707,NY New York,1363,9.8
18708,NY New York,3329,3.7
18709,NY New York,1116,5.7
18710,NY New York,2405,10.2
18711,NY New York,3864,13.0
18712,NY New York,2390,9.7
18713,NY New York,1818,8.6
18714,NY New York,5322,4.3
18715,NY New York,72,16.4
18716,NY New York,1032,10.1
18717,NY New York,1387,12.4
18718,NY New York,512,39.5
18720,NY New York,5017,11.8
18721,NY New York,4475,14.9
18722,NY New York,6649,15.0
18723,NY New York,2374,11.6
18724,NY New York,2483,9.3
18725,NY New York,5304,11.6
18726,NY New York,3784,11.5
18727,NY New York,2911,10.7
18728,NY New York,1662,7.0
18729,NY New York,4334,12.6
18730,NY New York,1925,11.1
18731,NY New York,2500,5.0
18732,NY New York,2998,13.6
18733,NY New York,3021,9.5
18734,NY New York,5518,8.2
18735,NY New York,6398,15.6
18736,NY New York,3252,12.7
18737,NY New York,3427,12.1
18738,NY New York,6214,10.0
18739,NY New York,4463,10.9
18740,NY New York,1555,15.1
18741,NY New York,4259,7.3
18742,NY New York,4383,12.7
18743,NY New York,4247,10.7
18744,NY New York,4509,10.1
18745,NY New York,3598,12.5
18746,NY New York,2468,10.8
18747,NY New York,5334,14.9
18748,NY New York,4979,11.2
18749,NY New York,4815,8.4
18750,NY New York,2537,10.2
18751,NY New York,3256,10.6
18752,NY New York,6202,3.7
18753,NY New York,7904,4.2
18754,NY New York,3385,14.1
18755,NY New York,2298,9.5
18756,NY New York,1750,14.2
18757,NY New York,3510,8.6
18758,NY New York,3094,12.7
18759,NY New York,7466,12.5
18760,NY New York,3947,11.5
18761,NY New York,1909,10.0
18762,NY New York,3368,11.8
18763,NY New York,1753,4.8
18764,NY New York,4582,16.7
18766,NY New York,2645,4.2
18767,NY New York,3152,8.6
18768,NY New York,1984,11.1
18769,NY New York,2397,6.5
18770,NY New York,3273,13.4
18771,NY New York,4386,13.5
18772,NY New York,3083,10.3
18773,NY New York,3247,13.1
18774,NY New York,3920,9.8
18775,NY New York,1978,12.4
18776,NY New York,1996,10.7
18777,NY New York,1498,8.3
18778,NY New York,7086,15.7
18779,NY New York,3537,4.7
18780,NY New York,3609,9.5
18781,NY New York,1666,8.5
18782,NY New York,8871,4.3
18783,NY New York,3971,10.9
18784,NY New York,4188,10.9
18785,NY New York,3769,11.7
18786,NY New York,1510,8.5
18787,NY New York,2003,9.2
18788,NY New York,4607,12.4
18789,NY New York,3425,11.0
18790,NY New York,3138,13.7
18791,NY New York,1894,7.9
18792,NY New York,1867,8.4
18793,NY New York,2145,11.2
18794,NY New York,3828,5.5
18795,NY New York,731,3.7
18796,NY New York,4351,17.5
18797,NY New York,5766,13.3
18798,NY New York,1917,11.3
18799,NY New York,8939,7.0
18800,NY New York,2265,12.2
18801,NY New York,6270,7.2
18802,NY New York,2166,9.4
18803,NY New York,2093,11.0
18804,NY New York,3034,10.6
18806,NY New York,2359,11.8
18807,NY New York,3158,9.0
18808,NY New York,1697,7.3
18809,NY New York,3006,17.8
18811,NY New York,4923,13.4
18812,NY New York,10330,7.7
18813,NY New York,2524,4.9
18814,NY New York,4360,7.3
18815,NY New York,2377,9.0
18816,NY New York,4234,7.4
18817,NY New York,4240,6.9
18819,NY New York,1264,13.0
18820,NY New York,4643,10.2
18821,NY New York,5059,11.2
18822,NY New York,4179,5.9
18823,NY New York,2061,11.7
18824,NY New York,2957,15.8
18825,NY New York,3907,11.0
18826,NY New York,3976,14.0
18827,NY New York,2162,10.0
18828,NY New York,3767,9.1
18829,NY New York,1875,10.0
18830,NY New York,4942,11.5
18831,NY New York,1302,10.9
18832,NY New York,2599,12.5
18833,NY New York,4270,5.9
18834,NY New York,1413,14.2
18835,NY New York,3363,10.8
18836,NY New York,6250,11.7
18837,NY New York,4325,14.8
18838,NY New York,6802,13.8
18839,NY New York,3881,8.5
18840,NY New York,2628,11.4
18841,NY New York,5549,7.9
18842,NY New York,2131,10.0
18843,NY New York,6865,16.7
18844,NY New York,3669,12.2
18845,NY New York,7415,10.9
18846,NY New York,2282,9.3
18847,NY New York,1783,11.4
18848,NY New York,6405,13.5
18849,NY New York,2223,13.5
18850,NY New York,3660,13.5
18851,NY New York,5908,14.7
18852,NY New York,2318,10.1
18853,NY New York,2519,12.6
18854,NY New York,3268,12.4
18855,NY New York,3465,10.3
18856,NY New York,4933,19.7
18857,NY New York,1739,12.9
18858,NY New York,3616,9.1
18859,NY New York,3921,11.1
18860,NY New York,2134,9.8
18861,NY New York,4479,2.0
18862,NY New York,1903,9.5
18863,NY New York,5469,9.5
18864,NY New York,4265,8.8
18865,NY New York,1846,12.8
18866,NY New York,2581,9.1
18867,NY New York,4213,13.0
18868,NY New York,2991,12.3
18869,NY New York,2010,8.3
18870,NY New York,1866,15.3
18871,NY New York,4141,12.4
18872,NY New York,2628,12.7
18873,NY New York,1344,13.2
18874,NY New York,26588,15.6
18875,NY New York,3549,9.8
18876,NY New York,3772,9.8
18877,NY New York,3777,12.2
18878,NY New York,4065,8.1
18879,NY New York,3566,10.1
18880,NY New York,6197,10.1
18881,NY New York,8570,13.8
18882,NY New York,2846,7.5
18883,NY New York,2171,5.1
18884,NY New York,4708,12.6
18885,NY New York,5126,10.2
18886,NY New York,2358,12.0
18887,NY New York,2321,15.5
18888,NY New York,2054,8.8
18889,NY New York,5038,12.1
18890,NY New York,8207,14.8
18891,NY New York,3756,13.9
18892,NY New York,3148,8.8
18893,NY New York,2759,3.5
18894,NY New York,6004,12.6
18895,NY New York,2575,9.4
18896,NY New York,673,10.0
18897,NY New York,2134,10.7
18898,NY New York,4917,18.9
18899,NY New York,2756,14.8
18900,NY New York,2674,6.6
18901,NY New York,2976,10.9
18902,NY New York,3729,9.9
18903,NY New York,5481,10.1
18904,NY New York,8757,11.9
18905,NY New York,5064,10.8
18906,NY New York,5093,15.1
18907,NY New York,3193,12.7
18908,NY New York,5388,13.1
18909,NY New York,3506,12.3
18910,NY New York,7245,9.6
18911,NY New York,8731,17.6
18912,NY New York,2075,11.1
18913,NY New York,4085,10.6
18914,NY New York,1399,12.9
18915,NY New York,11091,9.0
18916,NY New York,6271,10.3
18917,NY New York,3611,9.7
18918,NY New York,1188,7.0
18919,NY New York,1440,12.6
18920,NY New York,1246,28.2
18921,NY New York,2016,10.8
18922,NY New York,1699,13.0
18923,NY New York,5245,8.7
18924,NY New York,2359,7.6
18925,NY New York,5539,8.7
18926,NY New York,441,7.8
18927,NY New York,13749,5.4
18928,NY New York,4465,9.7
18929,NY New York,4386,17.3
18930,NY New York,7216,12.6
18931,NY New York,5838,9.1
18932,NY New York,3946,11.1
18933,NY New York,4400,11.1
18934,NY New York,4397,11.8
18935,NY New York,3395,8.3
18936,NY New York,2256,15.8
18937,NY New York,1892,4.7
18938,NY New York,3480,11.1
18939,NY New York,5191,4.7
18940,NY New York,2117,14.2
18941,NY New York,1979,10.0
18942,NY New York,2719,4.1
18943,NY New York,3912,8.8
18944,NY New York,2148,16.5
18945,NY New York,1488,7.6
18946,NY New York,6496,11.2
18947,NY New York,1816,8.6
18948,NY New York,1959,9.8
18949,NY New York,7314,12.3
18950,NY New York,4204,5.1
18951,NY New York,12575,15.3
18952,NY New York,7813,5.9
18953,NY New York,3412,8.8
18954,NY New York,1470,12.9
18955,NY New York,5771,8.3
18956,NY New York,1612,10.1
18957,NY New York,4147,10.0
18958,NY New York,3155,16.6
18959,NY New York,2551,11.1
18960,NY New York,3928,8.2
18961,NY New York,9104,17.0
18962,NY New York,3068,13.1
18963,NY New York,5816,16.8
18964,NY New York,4743,11.2
18965,NY New York,1217,10.1
18966,NY New York,2077,10.4
18967,NY New York,3408,3.9
18968,NY New York,1129,13.5
18969,NY New York,1717,13.1
18970,NY New York,1597,13.8
18971,NY New York,1956,14.2
18972,NY New York,1077,12.6
18973,NY New York,7883,5.1
18974,NY New York,2112,13.3
18975,NY New York,2444,9.2
18976,NY New York,6733,16.1
18977,NY New York,7317,9.9
18978,NY New York,5860,5.4
18979,NY New York,1330,12.3
18980,NY New York,2175,9.4
18981,NY New York,2481,10.1
18982,NY New York,3363,10.0
18983,NY New York,6637,16.5
18984,NY New York,4382,13.0
18985,NY New York,1490,8.6
18986,NY New York,2240,12.7
18987,NY New York,3303,11.8
18988,NY New York,731,2.6
18989,NY New York,2201,11.6
18990,NY New York,4848,12.7
18991,NY New York,6436,14.0
18992,NY New York,1654,8.8
18993,NY New York,3415,10.5
18994,NY New York,6437,5.1
18995,NY New York,1755,13.0
18996,NY New York,12998,13.0
18997,NY New York,2713,12.3
18998,NY New York,1983,9.4
18999,NY New York,3857,10.3
19000,NY New York,6136,11.0
19001,NY New York,4003,10.4
19002,NY New York,3784,15.2
19003,NY New York,4196,9.3
19004,NY New York,2557,11.5
19005,NY New York,2173,5.3
19006,NY New York,2201,6.3
19007,NY New York,2434,13.6
19008,NY New York,3389,13.7
19009,NY New York,9009,10.7
19010,NY New York,6456,14.0
19011,NY New York,5089,6.9
19012,NY New York,3442,10.0
19013,NY New York,7556,9.6
19014,NY New York,2143,13.0
19015,NY New York,2273,8.7
19016,NY New York,4247,18.6
19017,NY New York,2521,14.3
19018,NY New York,3492,10.2
19019,NY New York,3604,3.7
19020,NY New York,6566,10.7
19021,NY New York,3305,12.8
19022,NY New York,3037,10.7
19023,NY New York,4648,13.6
19024,NY New York,5628,9.9
19025,NY New York,1754,15.3
19026,NY New York,6398,13.2
19027,NY New York,3945,13.4
19028,NY New York,1809,11.6
19029,NY New York,2506,14.3
19030,NY New York,8154,13.3
19031,NY New York,7366,11.9
19032,NY New York,5557,8.8
19033,NY New York,6215,4.5
19034,NY New York,3717,9.6
19035,NY New York,3393,10.2
19036,NY New York,3813,8.3
19037,NY New York,9723,7.8
19038,NY New York,3347,11.9
19039,NY New York,2918,10.4
19040,NY New York,3203,12.9
19041,NY New York,5351,10.1
19042,NY New York,183,3.5
19043,NY New York,2090,9.0
19044,NY New York,2288,7.8
19045,NY New York,2751,10.5
19046,NY New York,3013,14.1
19047,NY New York,7296,13.8
19048,NY New York,1642,13.7
19049,NY New York,1978,11.7
19050,NY New York,3546,13.6
19051,NY New York,2883,10.4
19052,NY New York,3478,13.8
19053,NY New York,5899,9.7
19054,NY New York,4376,15.0
19055,NY New York,2879,9.4
19056,NY New York,4514,17.0
19057,NY New York,1657,11.6
19058,NY New York,3341,9.7
19059,NY New York,5758,10.1
19060,NY New York,5569,10.1
19061,NY New York,3188,12.0
19062,NY New York,2294,7.0
19063,NY New York,2661,10.6
19064,NY New York,7409,11.6
19065,NY New York,4305,17.0
19066,NY New York,4301,16.1
19067,NY New York,3997,12.2
19068,NY New York,7166,12.0
19069,NY New York,1761,10.6
19070,NY New York,4135,5.2
19071,NY New York,8667,6.0
19072,NY New York,2972,9.2
19073,NY New York,5409,12.7
19074,NY New York,1120,21.5
19075,NY New York,2306,9.5
19076,NY New York,2114,11.2
19077,NY New York,245,15.7
19078,NY New York,1793,8.6
19079,NY New York,6941,8.1
19080,NY New York,7316,15.3
19081,NY New York,2528,7.8
19082,NY New York,2374,14.2
19083,NY New York,3604,9.8
19084,NY New York,2153,11.9
19085,NY New York,2831,10.8
19086,NY New York,5190,14.5
19087,NY New York,6399,13.2
19088,NY New York,3069,11.0
19089,NY New York,3512,2.9
19090,NY New York,5036,5.6
19091,NY New York,1907,12.8
19092,NY New York,2758,8.8
19093,NY New York,1197,30.7
19094,NY New York,2754,13.1
19095,NY New York,1515,9.0
19096,NY New York,2898,13.4
19097,NY New York,3592,12.6
19098,NY New York,3885,11.5
19099,NY New York,1706,8.3
19100,NY New York,6984,17.0
19101,NY New York,4169,11.4
19102,NY New York,73,5.2
19103,NY New York,1592,8.2
19104,NY New York,1932,11.8
19105,NY New York,1537,8.6
19106,NY New York,3580,6.0
19107,NY New York,7527,10.8
19108,NY New York,4217,11.4
19109,NY New York,6596,8.4
19110,NY New York,1599,7.2
19111,NY New York,4231,6.9
19112,NY New York,4241,10.2
19113,NY New York,4169,7.3
19114,NY New York,1305,13.5
19115,NY New York,6992,11.8
19116,NY New York,6188,13.5
19117,NY New York,5565,14.0
19118,NY New York,3794,11.1
19119,NY New York,5987,17.7
19120,NY New York,4415,12.7
19121,NY New York,4176,16.6
19122,NY New York,1509,11.7
19123,NY New York,4010,13.1
19124,NY New York,4152,12.9
19125,NY New York,1595,3.6
19126,NY New York,2656,12.6
19127,NY New York,5224,11.6
19128,NY New York,2409,12.0
19129,NY New York,2603,11.6
19130,NY New York,2333,11.9
19131,NY New York,7277,14.9
19132,NY New York,4216,9.3
19133,NY New York,3048,10.8
19134,NY New York,3302,12.8
19135,NY New York,2677,12.4
19136,NY New York,3058,13.6
19137,NY New York,1586,7.5
19138,NY New York,8278,11.4
19139,NY New York,7414,12.1
19140,NY New York,3089,11.9
19141,NY New York,5461,15.7
19142,NY New York,3496,7.5
19143,NY New York,6478,12.0
19144,NY New York,2834,11.5
19145,NY New York,3149,14.5
19147,NY New York,1517,11.2
19148,NY New York,1712,12.9
19149,NY New York,6253,10.7
19150,NY New York,4725,12.3
19151,NY New York,1701,6.8
19152,NY New York,4790,12.2
19153,NY New York,2788,10.0
19154,NY New York,5318,13.6
19155,NY New York,11547,14.9
19156,NY New York,2620,14.0
19157,NY New York,2691,17.2
19158,NY New York,4939,11.4
19159,NY New York,2597,8.8
19160,NY New York,3141,11.0
19161,NY New York,6447,12.8
19162,NY New York,1744,10.9
19163,NY New York,5622,12.5
19164,NY New York,5103,12.3
19165,NY New York,2492,6.6
19166,NY New York,5953,16.2
19167,NY New York,3413,16.4
19168,NY New York,3911,9.9
19169,NY New York,3849,14.6
19170,NY New York,4444,11.8
19171,NY New York,3047,8.8
19172,NY New York,5823,14.0
19173,NY New York,1888,7.9
19174,NY New York,1829,14.2
19175,NY New York,6067,8.7
19176,NY New York,1507,13.6
19177,NY New York,4108,15.0
19178,NY New York,3058,12.3
19179,NY New York,6850,9.4
19180,NY New York,5675,17.3
19181,NY New York,3477,10.2
19182,NY New York,3944,10.8
19183,NY New York,4651,11.6
19184,NY New York,2089,13.2
19185,NY New York,3853,6.6
19186,NY New York,3225,11.9
19187,NY New York,6839,11.5
19188,NY New York,7384,10.3
19189,NY New York,1864,13.6
19190,NY New York,4549,9.4
19191,NY New York,1963,14.1
19192,NY New York,6781,13.5
19193,NY New York,2921,13.8
19194,NY New York,1702,9.8
19195,NY New York,3437,12.9
19196,NY New York,3015,8.7
19197,NY New York,5337,13.7
19198,NY New York,1807,10.0
19199,NY New York,2026,12.8
19200,NY New York,7280,14.6
19201,NY New York,5451,14.1
19202,NY New York,4442,5.9
19203,NY New York,3946,10.3
19204,NY New York,1535,13.0
19205,NY New York,5995,8.9
19206,NY New York,2408,13.6
19207,NY New York,2392,9.8
19208,NY New York,11288,13.1
19209,NY New York,3425,11.5
19210,NY New York,3322,10.8
19211,NY New York,2327,10.4
19212,NY New York,3633,2.7
19213,NY New York,5685,15.9
19214,NY New York,3360,10.3
19215,NY New York,4816,15.2
19216,NY New York,2794,7.5
19217,NY New York,2906,11.7
19218,NY New York,6300,8.1
19219,NY New York,2852,9.3
19220,NY New York,3920,12.2
19221,NY New York,3631,11.9
19222,NY New York,1959,3.4
19223,NY New York,1937,12.7
19224,NY New York,2206,7.6
19225,NY New York,3386,10.0
19226,NY New York,3163,11.8
19227,NY New York,2613,11.0
19228,NY New York,5223,12.8
19229,NY New York,4236,11.7
19230,NY New York,3333,12.3
19231,NY New York,8090,4.8
19233,NY New York,2054,12.9
19234,NY New York,2362,12.3
19235,NY New York,5461,10.6
19236,NY New York,3220,9.2
19237,NY New York,1585,15.6
19238,NY New York,3438,13.2
19239,NY New York,5345,4.2
19240,NY New York,1732,11.2
19241,NY New York,4949,4.3
19242,NY New York,1949,11.2
19243,NY New York,3156,15.1
19244,NY New York,7024,14.8
19245,NY New York,1117,8.4
19246,NY New York,1351,10.7
19247,NY New York,3057,6.9
19248,NY New York,4590,10.8
19249,NY New York,1411,9.7
19250,NY New York,5248,12.0
19251,NY New York,5440,10.9
19252,NY New York,1141,9.1
19253,NY New York,4101,13.4
19254,NY New York,16538,5.4
19255,NY New York,4190,7.3
19256,NY New York,6814,17.9
19257,NY New York,4494,10.3
19258,NY New York,3918,14.4
19259,NY New York,6475,14.2
19260,NY New York,4513,9.0
19261,NY New York,390,3.7
19262,NY New York,6304,5.1
19263,NY New York,4593,14.1
19264,NY New York,2773,8.7
19265,NY New York,2464,11.1
19266,NY New York,6008,7.8
19267,NY New York,6948,15.6
19268,NY New York,4929,9.8
19269,NY New York,4138,12.3
19270,NY New York,4786,11.1
19271,NY New York,2650,12.6
19272,NY New York,4015,10.0
19273,NY New York,2512,5.5
19274,NY New York,1992,5.3
19275,NY New York,2134,13.4
19276,NY New York,2063,9.6
19277,NY New York,1656,10.4
19278,NY New York,7216,10.8
19279,NY New York,4259,6.7
19280,NY New York,5294,12.3
19281,NY New York,8631,12.4
19282,NY New York,6356,13.1
19283,NY New York,7992,11.5
19284,NY New York,1280,14.0
19285,NY New York,2924,11.9
19286,NY New York,4848,10.1
19287,NY New York,1900,13.2
19288,NY New York,7571,19.0
19289,NY New York,4016,9.8
19290,NY New York,4079,9.1
19291,NY New York,5272,9.4
19292,NY New York,1314,9.5
19293,NY New York,1837,12.9
19294,NY New York,6573,7.9
19295,NY New York,5504,11.2
19296,NY New York,2991,6.7
19297,NY New York,1874,8.7
19298,NY New York,8143,15.6
19299,NY New York,1607,7.8
19300,NY New York,4797,19.3
19301,NY New York,7001,9.4
19302,NY New York,4458,14.1
19303,NY New York,3822,13.8
19304,NY New York,4683,12.3
19305,NY New York,4056,7.0
19306,NY New York,1136,6.0
19307,NY New York,3984,13.1
19308,NY New York,3002,11.2
19309,NY New York,8197,6.7
19310,NY New York,3713,16.5
19311,NY New York,4502,9.5
19312,NY New York,3855,9.3
19313,NY New York,3758,15.1
19314,NY New York,5295,8.7
19316,NY New York,5879,11.4
19317,NY New York,2791,14.8
19318,NY New York,3086,11.8
19319,NY New York,2647,13.9
19320,NY New York,5061,10.8
19321,NY New York,4167,14.0
19322,NY New York,3544,16.2
19323,NY New York,1773,8.1
19324,NY New York,4574,9.2
19325,NY New York,4346,9.4
19326,NY New York,1412,7.9
19327,NY New York,10292,12.2
19328,NY New York,3538,12.5
19329,NY New York,2092,12.1
19330,NY New York,10064,5.4
19331,NY New York,3512,5.1
19332,NY New York,4240,12.6
19333,NY New York,2124,11.5
19334,NY New York,1101,11.7
19335,NY New York,5369,12.1
19336,NY New York,3005,7.6
19337,NY New York,4597,6.6
19338,NY New York,1868,12.5
19339,NY New York,1656,7.1
19340,NY New York,5732,12.7
19341,NY New York,3566,10.4
19342,NY New York,3245,8.8
19343,NY New York,3054,6.6
19344,NY New York,3458,11.7
19345,NY New York,2344,10.9
19346,NY New York,3925,10.4
19347,NY New York,4792,10.4
19348,NY New York,2124,9.6
19349,NY New York,4464,11.6
19350,NY New York,2706,11.8
19351,NY New York,7040,12.1
19352,NY New York,6928,5.9
19353,NY New York,2030,9.8
19354,NY New York,3030,11.7
19355,NY New York,2403,15.1
19356,NY New York,1742,14.5
19357,NY New York,4799,7.3
19358,NY New York,4244,11.3
19359,NY New York,3433,10.6
19360,NY New York,4227,6.7
19361,NY New York,4589,17.4
19362,NY New York,3783,12.2
19363,NY New York,1717,11.0
19364,NY New York,1206,8.4
19365,NY New York,7055,15.6
19366,NY New York,4630,10.6
19367,NY New York,3722,9.9
19368,NY New York,5176,11.4
19369,NY New York,4348,10.8
19370,NY New York,3538,12.2
19371,NY New York,84,5.9
19372,NY New York,6499,12.7
19373,NY New York,5094,14.5
19374,NY New York,3028,11.5
19375,NY New York,3407,9.8
19376,NY New York,4090,10.3
19377,NY New York,5805,12.8
19378,NY New York,1360,9.9
19379,NY New York,3487,5.7
19380,NY New York,4597,14.6
19381,NY New York,3278,12.1
19382,NY New York,2932,14.3
19383,NY New York,6427,14.4
19384,NY New York,7351,8.2
19385,NY New York,5401,5.2
19386,NY New York,5696,12.1
19387,NY New York,3106,8.1
19388,NY New York,3346,4.2
19389,NY New York,1797,10.2
19390,NY New York,4080,13.9
19391,NY New York,4935,8.2
19392,NY New York,5340,7.3
19393,NY New York,1556,10.8
19394,NY New York,3633,8.6
19395,NY New York,6338,4.4
19396,NY New York,5370,8.6
19397,NY New York,3508,12.7
19398,NY New York,1250,12.3
19399,NY New York,3829,12.6
19400,NY New York,3624,13.6
19401,NY New York,6564,5.7
19402,NY New York,8651,3.5
19403,NY New York,3760,13.6
19404,NY New York,3114,8.5
19405,NY New York,3918,14.2
19406,NY New York,5466,15.2
19407,NY New York,4581,17.0
19408,NY New York,155,5.1
19409,NY New York,6428,9.4
19410,NY New York,3016,12.3
19412,NY New York,3296,9.4
19413,NY New York,6558,15.6
19414,NY New York,1929,13.5
19415,NY New York,1592,10.2
19416,NY New York,3341,14.8
19417,NY New York,5630,9.7
19418,NY New York,1388,9.6
19419,NY New York,7337,9.5
19420,NY New York,2582,5.3
19421,NY New York,4520,9.8
19422,NY New York,3679,11.6
19423,NY New York,4638,4.8
19424,NY New York,2655,13.2
19425,NY New York,2782,12.3
19426,NY New York,4462,7.6
19427,NY New York,5055,4.7
19428,NY New York,2510,4.5
19429,NY New York,1736,12.3
19430,NY New York,2886,9.8
19431,NY New York,3202,13.3
19432,NY New York,2189,7.2
19433,NY New York,2549,12.6
19434,NY New York,6023,16.5
19435,NY New York,1831,13.3
19436,NY New York,4274,3.5
19437,NY New York,4412,12.7
19438,NY New York,3008,4.8
19439,NY New York,6127,17.6
19440,NY New York,4782,11.9
19441,NY New York,3702,5.0
19442,NY New York,5685,14.5
19443,NY New York,1706,8.2
19444,NY New York,4249,6.3
19445,NY New York,4319,3.7
19446,NY New York,3336,8.8
19447,NY New York,3386,12.7
19448,NY New York,105,6.6
19449,NY New York,2579,13.0
19450,NY New York,6194,13.3
19451,NY New York,1914,11.5
19452,NY New York,5853,14.2
19453,NY New York,6507,10.0
19454,NY New York,1764,12.6
19455,NY New York,3204,15.9
19456,NY New York,2746,9.0
19457,NY New York,6911,15.6
19458,NY New York,6418,15.3
19459,NY New York,2248,19.9
19460,NY New York,992,6.3
19461,NY New York,2702,10.8
19462,NY New York,2357,7.9
19463,NY New York,6811,12.1
19464,NY New York,1524,9.5
19465,NY New York,4035,9.4
19466,NY New York,3365,11.5
19467,NY New York,3106,14.3
19468,NY New York,1304,12.2
19469,NY New York,1964,11.9
19470,NY New York,3663,7.3
19471,NY New York,1434,8.2
19472,NY New York,6808,12.0
19473,NY New York,5161,10.3
19474,NY New York,2547,13.8
19475,NY New York,6527,10.2
19476,NY New York,3422,15.9
19477,NY New York,3863,6.5
19478,NY New York,3128,12.7
19479,NY New York,3507,12.4
19480,NY New York,3320,9.4
19481,NY New York,1826,8.4
19482,NY New York,4301,9.8
19483,NY New York,3641,13.7
19484,NY New York,3564,4.0
19485,NY New York,4515,10.4
19486,NY New York,2747,9.0
19487,NY New York,428,7.5
19488,NY New York,3419,20.4
19489,NY New York,9293,7.1
19490,NY New York,7709,3.8
19491,NY New York,6529,12.5
19492,NY New York,2441,9.1
19493,NY New York,1969,12.4
19494,NY New York,2838,12.9
19495,NY New York,7476,11.9
19496,NY New York,1410,10.7
19497,NY New York,4094,12.9
19498,NY New York,3965,13.7
19499,NY New York,5236,13.6
19500,NY New York,4115,11.7
19501,NY New York,2341,9.6
19502,NY New York,1672,10.5
19503,NY New York,2816,6.1
19504,NY New York,1487,12.3
19505,NY New York,4136,8.3
19506,NY New York,6197,11.3
19507,NY New York,6370,6.7
19508,NY New York,3609,14.8
19509,NY New York,1755,12.4
19510,NY New York,8008,15.5
19511,NY New York,3050,7.6
19512,NY New York,4990,10.5
19513,NY New York,4450,10.2
19514,NY New York,4976,5.2
19515,NY New York,3783,13.2
19516,NY New York,2257,4.8
19517,NY New York,2953,8.2
19518,NY New York,1927,13.6
19519,NY New York,4904,8.7
19520,NY New York,4878,12.0
19521,NY New York,2316,13.0
19522,NY New York,7370,17.6
19523,NY New York,3823,12.6
19524,NY New York,3371,14.1
19525,NY New York,2458,12.1
19526,NY New York,3551,8.4
19527,NY New York,3920,5.4
19528,NY New York,1165,13.0
19529,NY New York,2914,10.7
19530,NY New York,4585,17.1
19531,NY New York,2776,8.6
19532,NY New York,6956,19.1
19533,NY New York,7169,5.1
19534,NY New York,6051,13.3
19535,NY New York,3683,10.7
19536,NY New York,5503,10.7
19537,NY New York,6793,12.0
19538,NY New York,6612,5.3
19539,NY New York,1130,7.4
19540,NY New York,5414,10.5
19541,NY New York,2119,15.4
19542,NY New York,2811,9.7
19543,NY New York,2160,12.0
19544,NY New York,2688,12.3
19545,NY New York,2555,10.5
19546,NY New York,4116,7.7
19547,NY New York,2441,11.7
19548,NY New York,1267,12.2
19549,NY New York,2863,9.2
19550,NY New York,473,14.7
19551,NY New York,2325,5.8
19552,NY New York,7614,4.0
19553,NY New York,6319,16.4
19554,NY New York,1495,8.9
19555,NY New York,1781,11.7
19556,NY New York,1166,12.6
19557,NY New York,1524,8.4
19558,NY New York,3504,12.1
19559,NY New York,5253,13.2
19560,NY New York,2437,17.3
19561,NY New York,4767,13.1
19562,NY New York,5546,10.8
19563,NY New York,5437,7.5
19564,NY New York,2634,11.1
19565,NY New York,3295,5.4
19566,NY New York,3905,13.6
19567,NY New York,3729,11.0
19568,NY New York,5508,15.4
19569,NY New York,6629,10.4
19570,NY New York,3113,16.9
19571,NY New York,2853,7.8
19572,NY New York,1880,14.5
19573,NY New York,3968,13.1
19574,NY New York,9308,14.6
19575,NY New York,1028,10.6
19576,NY New York,5722,10.7
19577,NY New York,4475,10.3
19578,NY New York,2180,13.6
19579,NY New York,3633,9.2
19580,NY New York,2930,9.4
19581,NY New York,2741,15.9
19582,NY New York,4205,11.4
19583,NY New York,2309,9.0
19584,NY New York,1210,10.0
19585,NY New York,894,18.0
19586,NY New York,3971,7.1
19587,NY New York,3366,7.6
19588,NY New York,3218,18.4
19589,NY New York,2468,11.4
19590,NY New York,2052,13.1
19591,NY New York,1507,9.3
19592,NY New York,5451,10.8
19593,NY New York,5323,8.5
19594,NY New York,4598,11.8
19595,NY New York,1445,6.1
19596,NY New York,1979,11.9
19597,NY New York,2950,11.4
19598,NY New York,3355,10.8
19599,NY New York,8660,10.8
19600,NY New York,4204,12.1
19601,NY New York,5486,10.5
19602,NY New York,2454,12.1
19603,NY New York,2123,10.1
19604,NY New York,5997,11.6
19605,NY New York,5068,12.2
19606,NY New York,4584,13.1
19607,NY New York,4217,7.9
19608,NY New York,4400,6.1
19609,NY New York,6652,12.9
19610,NY New York,8391,4.5
19611,NY New York,4315,16.9
19613,NY New York,2862,12.2
19614,NY New York,1525,9.2
19615,NY New York,1422,12.3
19616,NY New York,3666,10.4
19617,NY New York,4092,7.8
19618,NY New York,3987,11.7
19619,NY New York,6868,11.3
19620,NY New York,15344,5.7
19621,NY New York,3587,14.7
19622,NY New York,5922,12.4
19623,NY New York,4057,6.5
19624,NY New York,4311,16.8
19625,NY New York,1268,14.1
19626,NY New York,4758,14.1
19627,NY New York,5027,11.9
19628,NY New York,4255,10.7
19629,NY New York,3789,8.3
19630,NY New York,3706,12.6
19631,NY New York,2251,6.6
19632,NY New York,2471,12.4
19633,NY New York,1471,11.6
19634,NY New York,1927,9.9
19635,NY New York,7021,9.4
19636,NY New York,3441,16.4
19637,NY New York,1925,12.5
19638,NY New York,3426,14.2
19639,NY New York,1521,13.3
19640,NY New York,5433,9.3
19641,NY New York,1372,3.6
19642,NY New York,4551,8.7
19643,NY New York,2571,12.9
19645,NY New York,1631,16.4
19646,NY New York,3753,9.7
19647,NY New York,2939,11.3
19648,NY New York,2419,9.3
19649,NY New York,3058,17.9
19650,NY New York,2432,9.3
19651,NY New York,4790,5.3
19652,NY New York,3823,9.9
19653,NY New York,6996,15.7
19654,NY New York,3705,8.1
19655,NY New York,3845,13.1
19656,NY New York,2644,10.6
19657,NY New York,3394,10.3
19658,NY New York,3733,12.1
19659,NY New York,1648,22.5
19660,NY New York,3313,13.2
19661,NY New York,3836,8.4
19662,NY New York,2397,11.6
19663,NY New York,4108,9.7
19667,NY Syracuse,2434,15.0
19668,NY Rochester,1843,16.8
19669,NY Syracuse,4004,9.6
19671,NY Yonkers,4925,7.8
19672,NY Rochester,2912,15.4
19676,NY Schenectady,2294,8.4
19679,NY Rochester,2925,17.9
19682,NY Yonkers,3892,12.0
19684,NY Rochester,1987,17.7
19686,NY Yonkers,3522,10.9
19687,NY Syracuse,2146,8.1
19691,NY Rochester,2042,15.8
19693,NY Schenectady,3429,9.4
19694,NY Syracuse,5120,9.3
19696,NY Rochester,210565,12.4
19697,NY Syracuse,3534,13.0
19704,NY Rochester,2591,19.1
19713,NY Yonkers,5397,8.9
19716,NY Yonkers,4122,12.0
19718,NY Syracuse,2064,11.6
19719,NY Rochester,1898,18.8
19721,NY Syracuse,1510,11.8
19724,NY Yonkers,4461,10.9
19727,NY Schenectady,3734,11.3
19728,NY Syracuse,3545,10.6
19729,NY Rochester,2828,13.9
19736,NY Rochester,4626,5.4
19740,NY Rochester,1924,6.4
19742,NY Rochester,1777,18.8
19747,NY Yonkers,1728,9.5
19749,NY Syracuse,3894,9.8
19750,NY Rochester,2446,21.2
19751,NY Yonkers,3076,8.9
19754,NY Syracuse,3729,7.5
19757,NY Rochester,4812,11.0
19758,NY Syracuse,2438,10.9
19760,NY Schenectady,2341,18.1
19761,NY Rochester,2399,17.4
19762,NY Syracuse,3646,11.5
19768,NY Rochester,3177,12.8
19769,NY Rochester,1495,8.0
19774,NY Yonkers,2232,10.8
19776,NY Syracuse,2184,12.7
19778,NY Rochester,1543,19.2
19779,NY Rochester,1932,14.4
19780,NY Yonkers,1813,19.6
19781,NY Yonkers,1626,9.2
19782,NY Syracuse,1472,8.6
19789,NY Yonkers,5798,15.8
19792,NY Yonkers,4993,12.8
19793,NY Yonkers,3356,9.8
19794,NY Rochester,3074,5.7
19795,NY Rochester,3981,11.6
19797,NY Syracuse,2111,17.9
19803,NY Syracuse,2545,10.5
19804,NY Rochester,1021,19.3
19805,NY Yonkers,3356,9.0
19807,NY Rochester,3678,13.1
19809,NY Syracuse,579,9.5
19811,NY Schenectady,3150,4.7
19812,NY Syracuse,4227,5.3
19813,NY Rochester,1499,15.6
19820,NY Syracuse,3099,17.3
19823,NY Rochester,3869,11.6
19826,NY Yonkers,1599,12.6
19827,NY Rochester,1514,10.5
19832,NY Rochester,1327,14.3
19833,NY Schenectady,2833,10.8
19834,NY Rochester,3071,17.5
19837,NY Syracuse,2127,17.7
19838,NY Syracuse,2358,13.6
19839,NY Schenectady,4559,8.4
19844,NY Syracuse,1580,15.9
19846,NY Schenectady,3052,12.6
19848,NY Rochester,4390,14.1
19851,NY Yonkers,2855,8.6
19852,NY Rochester,2428,15.3
19853,NY Syracuse,2065,19.7
19855,NY Rochester,210565,14.1
19856,NY Rochester,1452,7.1
19861,NY Syracuse,2526,8.4
19865,NY Rochester,3066,16.9
19870,NY Syracuse,1473,7.0
19871,NY Rochester,3740,4.6
19872,NY Syracuse,145170,10.9
19873,NY Yonkers,5902,14.1
19876,NY Yonkers,5315,11.0
19877,NY Syracuse,2520,14.5
19878,NY Schenectady,1517,12.6
19880,NY Yonkers,7669,12.3
19881,NY Yonkers,2033,9.1
19888,NY Rochester,1640,17.4
19889,NY Syracuse,1736,14.0
19890,NY Yonkers,2538,9.4
19891,NY Syracuse,1834,17.2
19892,NY Yonkers,6810,12.7
19895,NY Yonkers,4098,9.8
19896,NY Rochester,2506,8.2
19897,NY Rochester,2458,7.4
19899,NY Rochester,3577,12.0
19904,NY Schenectady,2782,9.3
19906,NY Yonkers,1687,9.3
19907,NY Yonkers,5265,12.0
19908,NY Rochester,1981,16.6
19909,NY Yonkers,1596,12.7
19910,NY Rochester,2320,1.3
19911,NY Syracuse,2683,5.9
19917,NY Syracuse,1975,20.6
19918,NY Syracuse,2647,10.5
19919,NY Rochester,5182,10.5
19920,NY Yonkers,4948,13.4
19922,NY Yonkers,4669,9.2
19927,NY Rochester,3084,13.3
19935,NY Rochester,1752,15.1
19937,NY Syracuse,2673,10.9
19940,NY Rochester,2703,7.1
19941,NY Yonkers,3147,7.8
19942,NY Yonkers,3386,9.0
19945,NY Rochester,1227,16.3
19947,NY Yonkers,2887,9.4
19950,NY Schenectady,4102,12.8
19952,NY Syracuse,2483,2.6
19954,NY Rochester,3696,12.8
19955,NY Syracuse,2748,12.3
19956,NY Yonkers,3329,12.3
19957,NY Rochester,3039,11.8
19959,NY Rochester,4575,9.1
19963,NY Schenectady,2596,11.6
19964,NY Syracuse,2118,13.6
19967,NY Rochester,1907,18.9
19969,NY Rochester,2790,9.0
19974,NY Syracuse,3602,15.3
19976,NY Yonkers,4096,10.7
19978,NY Rochester,2272,17.3
19979,NY Rochester,2189,15.8
19980,NY Rochester,2379,17.2
19982,NY Syracuse,2418,4.6
19984,NY Yonkers,1730,10.6
19985,NY Yonkers,3812,19.4
19986,NY Syracuse,2682,9.3
19989,NY Schenectady,3710,13.0
19991,NY Rochester,3073,14.7
19992,NY Syracuse,2510,17.7
19993,NY Schenectady,1975,9.3
19997,NY Rochester,1594,18.4
20000,NY Rochester,1657,11.4
20002,NY Rochester,1432,18.8
20003,NY Syracuse,145170,12.5
20005,NY Yonkers,4003,10.1
20007,NY Syracuse,2791,12.8
20008,NY Rochester,3668,5.9
20009,NY Yonkers,4634,8.8
20013,NY Schenectady,3405,11.8
20015,NY Syracuse,3707,10.8
20018,NY Rochester,1968,17.4
20020,NY Yonkers,4175,10.0
20023,NY Rochester,2345,15.9
20027,NY Rochester,7253,7.8
20032,NY Rochester,2353,7.9
20033,NY Syracuse,2735,7.4
20038,NY Schenectady,5513,11.2
20039,NY Syracuse,1853,11.0
20040,NY Rochester,2530,10.6
20041,NY Yonkers,3882,9.4
20045,NY Yonkers,195976,11.1
20046,NY Schenectady,2999,9.3
20047,NY Rochester,4048,11.6
20050,NY Schenectady,6401,10.5
20051,NY Rochester,1303,21.1
20054,NY Syracuse,1495,9.2
20059,NY Syracuse,3078,8.4
20063,NY Rochester,3415,9.4
20064,NY Yonkers,3711,10.3
20067,NY Yonkers,5074,10.8
20068,NY Syracuse,1879,8.2
20070,NY Schenectady,66135,10.5
20071,NY Syracuse,4096,19.3
20073,NY Yonkers,5282,15.2
20074,NY Yonkers,2689,10.2
20075,NY Rochester,4254,16.9
20076,NY Syracuse,2404,14.5
20077,NY Yonkers,6517,9.6
20078,NY Yonkers,4641,9.6
20084,NY Rochester,2589,17.0
20093,NY Schenectady,1683,6.2
20094,NY Rochester,1827,10.9
20095,NY Syracuse,1956,11.0
20096,NY Syracuse,2264,9.7
20097,NY Yonkers,2011,10.1
20098,NY Rochester,3573,15.2
20100,NY Yonkers,2302,8.8
20101,NY Yonkers,6977,15.0
20102,NY Yonkers,3463,10.3
20107,NY Rochester,2963,12.4
20109,NY Schenectady,66135,11.0
20115,NY Rochester,1116,12.9
20117,NY Rochester,1616,21.3
20122,NY Yonkers,2947,8.8
20123,NY Rochester,1441,14.6
20127,NY Syracuse,2761,18.6
20128,NY Syracuse,1561,8.9
20130,NY Rochester,2938,8.1
20134,NY Syracuse,1588,10.9
20136,NY Rochester,2087,17.3
20137,NY Schenectady,4060,11.3
20139,NY Rochester,1915,16.6
20141,NY Rochester,3033,19.2
20143,NY Syracuse,6978,4.2
20147,NY Rochester,2963,11.3
20155,NY Syracuse,2983,14.6
