,TX_City,TX_PopByMM,TX_DiagPer100k
66,TX Austin,"3,712",13.6
67,TX Austin,"3,475",6.8
68,TX Beaumont,"5,098",10.8
69,TX Dallas,"5,879",13.4
70,TX Dallas,"3,961",13.8
71,TX Dallas,"11,019",11.1
72,TX Fort Worth,"2,202",14.4
73,TX Fort Worth,"9,155",9.0
74,TX Fort Worth,"16,579",5.6
75,TX Garland,"4,527",8.3
412,TX Killeen,"6,322",8.9
413,TX Longview,"3,701",13.0
415,TX Plano,"3,639",9.7
22831,TX Arlington,"3,318",10.9
23631,TX Amarillo,"4,211",11.6
23636,TX Abilene,"2,229",12.2
23637,TX Amarillo,"3,255",17.2
23641,TX Abilene,"7,647",10.8
23643,TX Arlington,"2,239",7.6
23645,TX Arlington,"4,201",11.6
23648,TX Abilene,"2,684",9.9
23650,TX Arlington,"2,960",12.4
23652,TX Amarillo,"2,825",12.5
23653,TX Arlington,"6,676",14.0
23654,TX Arlington,"3,837",11.3
23658,TX Amarillo,"4,608",9.2
23660,TX Arlington,"6,602",9.7
23661,TX Amarillo,"5,288",10.2
23673,TX Amarillo,"5,745",7.6
23675,TX Abilene,"1,209",14.7
23677,TX Arlington,"12,483",8.3
23679,TX Arlington,"3,319",6.6
23680,TX Abilene,"3,924",8.1
23684,TX Amarillo,"1,745",16.3
23685,TX Arlington,"365,438",10.4
23687,TX Arlington,"7,182",11.2
23695,TX Amarillo,"3,993",8.3
23697,TX Amarillo,"2,892",8.4
23703,TX Arlington,"3,369",10.2
23705,TX Allen,"12,037",6.5
23708,TX Allen,"16,818",6.6
23711,TX Arlington,"4,183",8.3
23713,TX Amarillo,"1,932",10.3
23717,TX Abilene,"117,063",11.5
23718,TX Abilene,"3,694",11.4
23725,TX Amarillo,"6,184",13.4
23730,TX Allen,"5,626",10.1
23733,TX Allen,"3,794",7.4
23735,TX Amarillo,"1,961",10.7
23736,TX Abilene,"2,242",3.4
23739,TX Arlington,"5,251",9.4
23740,TX Amarillo,"1,949",11.5
23743,TX Arlington,"4,580",10.0
23745,TX Abilene,"4,482",9.7
23759,TX Arlington,"4,022",10.0
23761,TX Abilene,468,23.1
23762,TX Abilene,"2,400",9.2
23763,TX Arlington,"5,480",12.2
23767,TX Amarillo,"2,059",10.7
23769,TX Amarillo,"2,266",11.5
23774,TX Arlington,"4,023",10.4
23781,TX Abilene,"2,899",12.2
23784,TX Allen,"8,587",9.5
23786,TX Abilene,223,11.4
23787,TX Amarillo,"4,155",10.2
23789,TX Amarillo,"3,262",11.6
23791,TX Arlington,"4,112",5.8
23793,TX Amarillo,"5,053",15.7
23794,TX Abilene,"4,394",8.4
23798,TX Arlington,"15,275",9.8
23799,TX Arlington,"6,428",13.4
23801,TX Arlington,"5,173",10.3
23803,TX Arlington,"3,565",7.6
23806,TX Amarillo,"1,987",10.0
23808,TX Amarillo,"5,121",9.1
23821,TX Arlington,"365,438",11.4
23825,TX Allen,"8,491",8.4
23827,TX Amarillo,"5,901",15.2
23828,TX Amarillo,"3,205",12.4
23831,TX Amarillo,58,7.9
23835,TX Arlington,"8,743",11.1
23837,TX Arlington,"6,098",12.3
23842,TX Arlington,"6,211",9.1
23843,TX Arlington,"4,815",13.1
23845,TX Amarillo,"5,002",14.9
23846,TX Amarillo,"2,420",9.8
23849,TX Abilene,"2,777",13.5
23858,TX Amarillo,"2,179",8.2
23860,TX Amarillo,"1,251",9.6
23864,TX Amarillo,"3,867",11.8
23865,TX Arlington,"6,314",8.6
23870,TX Arlington,"5,939",9.6
23873,TX Abilene,"2,372",11.5
23876,TX Arlington,"2,396",10.3
23877,TX Abilene,"3,656",16.9
23879,TX Arlington,"4,492",12.2
23884,TX Arlington,"3,970",8.1
23890,TX Abilene,"3,751",6.0
23894,TX Abilene,"2,318",12.7
23895,TX Arlington,"4,777",11.0
23896,TX Amarillo,"6,964",15.7
23899,TX Arlington,"6,113",9.6
23901,TX Arlington,"5,071",8.3
23902,TX Abilene,"1,921",10.7
23904,TX Arlington,"2,079",12.1
23912,TX Amarillo,"5,096",9.4
23917,TX Arlington,"7,326",12.2
23919,TX Allen,"8,096",7.3
23922,TX Abilene,"6,373",12.6
23924,TX Amarillo,"2,964",17.7
23925,TX Arlington,"5,760",7.8
23928,TX Amarillo,"1,695",20.7
23936,TX Arlington,"3,899",6.6
23940,TX Amarillo,"3,739",10.3
23941,TX Abilene,"1,771",15.6
23946,TX Amarillo,"1,955",9.9
23949,TX Abilene,745,11.9
23952,TX Arlington,"6,389",9.2
23954,TX Arlington,"7,886",10.5
23958,TX Arlington,"4,031",13.5
23959,TX Amarillo,"1,864",10.6
23961,TX Amarillo,"3,390",17.6
23970,TX Allen,"6,918",7.0
23971,TX Abilene,"4,604",12.2
23972,TX Amarillo,"2,369",9.0
23974,TX Amarillo,"2,304",18.9
23975,TX Arlington,"6,056",9.4
23979,TX Amarillo,"2,502",19.4
23980,TX Arlington,"4,218",8.7
23981,TX Abilene,"2,307",15.6
23986,TX Arlington,"5,810",12.2
23987,TX Amarillo,"3,962",10.7
23992,TX Arlington,"4,493",10.0
23995,TX Arlington,"5,658",12.4
23996,TX Amarillo,"2,271",14.9
23997,TX Abilene,"3,316",11.6
23999,TX Arlington,"4,400",10.5
24010,TX Arlington,"7,592",14.1
24011,TX Arlington,"3,978",11.9
24014,TX Arlington,"3,459",9.7
24018,TX Abilene,"5,654",8.8
24019,TX Arlington,"3,709",10.5
24020,TX Amarillo,"3,365",9.5
24023,TX Arlington,"6,270",9.4
24025,TX Amarillo,"190,695",11.5
24028,TX Allen,"84,246",8.5
24033,TX Amarillo,"4,843",9.5
24036,TX Abilene,"2,516",10.0
24037,TX Abilene,"2,100",17.3
24040,TX Arlington,95,21.4
24046,TX Arlington,"6,285",9.4
24049,TX Arlington,"3,461",12.2
24051,TX Arlington,"3,241",9.3
24053,TX Arlington,"7,298",9.3
24055,TX Arlington,"2,149",13.1
24058,TX Amarillo,"2,101",10.3
24062,TX Amarillo,"6,623",9.8
24064,TX Abilene,"5,797",12.4
24068,TX Amarillo,"3,946",14.2
24074,TX Allen,"2,459",6.8
24075,TX Amarillo,"5,208",10.5
24082,TX Abilene,"3,098",7.0
24084,TX Abilene,"3,171",11.4
24086,TX Arlington,"6,184",8.1
24093,TX Arlington,"2,327",9.9
24095,TX Amarillo,"3,982",10.4
24097,TX Amarillo,"4,193",6.9
24103,TX Arlington,"2,894",12.2
24104,TX Arlington,"4,574",8.7
24109,TX Abilene,"4,014",13.9
24110,TX Arlington,"7,937",8.1
24112,TX Arlington,"7,476",14.7
24114,TX Allen,"7,029",8.4
24115,TX Abilene,623,1.5
24116,TX Arlington,"3,839",10.5
24119,TX Arlington,"3,934",10.0
24121,TX Amarillo,"190,695",11.6
24123,TX Arlington,"8,270",10.4
24128,TX Arlington,"3,429",14.8
24129,TX Allen,"84,246",7.6
24132,TX Amarillo,"3,241",8.0
24135,TX Arlington,"4,311",13.8
24139,TX Arlington,"3,942",9.1
24142,TX Amarillo,"4,934",12.2
24144,TX Abilene,"3,736",8.6
24149,TX Abilene,"117,063",10.9
24150,TX Arlington,558,7.3
24156,TX Arlington,"3,060",10.5
24158,TX Abilene,"2,368",12.8
24159,TX Arlington,"3,944",12.6
24162,TX Amarillo,"4,468",10.1
24166,TX Abilene,"3,409",15.1
24172,TX Allen,"4,391",6.3
24174,TX Amarillo,"4,538",10.2
24177,TX Amarillo,"2,168",16.0
24179,TX Abilene,"6,165",6.1
24182,TX Amarillo,"1,636",12.8
24183,TX Longview,"3,499",11.8
24184,TX Austin,"2,825",3.5
24185,TX Brownsville,"175,023",18.3
24186,TX Austin,"5,000",8.3
24187,TX Baytown,"7,453",11.6
24188,TX Brownsville,"4,185",15.5
24189,TX Carrollton,183,7.9
24190,TX Baytown,"71,802",12.3
24191,TX Austin,"3,546",11.5
24192,TX Austin,"790,390",9.7
24193,TX Austin,"6,647",7.6
24194,TX Beaumont,"2,206",20.3
24195,TX Austin,"3,743",5.3
24196,TX Corpus Christi,"5,987",21.6
24197,TX Corpus Christi,"3,825",11.9
24198,TX Austin,"1,707",6.0
24199,TX Brownsville,"9,944",11.5
24200,TX Beaumont,"3,195",13.6
24201,TX Corpus Christi,"2,325",11.7
24202,TX Carrollton,"5,892",9.9
24203,TX Austin,"5,627",3.7
24204,TX Beaumont,"6,357",12.0
24205,TX Corpus Christi,"305,215",13.5
24206,TX Austin,"6,353",5.8
24207,TX Austin,"5,512",5.8
24208,TX Austin,"3,143",4.4
24209,TX College Station,296,8.5
24210,TX Austin,"1,964",7.0
24211,TX Austin,"4,455",11.2
24212,TX College Station,"93,857",10.0
24213,TX Carrollton,"119,097",10.4
24214,TX Carrollton,"5,252",8.6
24215,TX Brownsville,"2,117",15.6
24216,TX Austin,"3,943",6.7
24217,TX Austin,524,4.7
24218,TX Corpus Christi,"4,265",10.6
24219,TX Bryan,"2,181",9.9
24220,TX College Station,"3,093",5.8
24221,TX Brownsville,"2,784",25.0
24222,TX Austin,"5,207",5.7
24223,TX Austin,"11,408",6.2
24224,TX Brownsville,"2,553",19.2
24225,TX Austin,"1,914",6.2
24226,TX Corpus Christi,"5,714",11.7
24227,TX Austin,"4,305",7.9
24228,TX Corpus Christi,"4,312",21.8
24229,TX Carrollton,"2,755",12.2
24230,TX Austin,"9,207",2.2
24231,TX Austin,"5,488",6.1
24232,TX Beaumont,"2,574",21.5
24233,TX Austin,"7,067",12.3
24234,TX College Station,"2,547",4.3
24235,TX Austin,"6,573",10.2
24236,TX Carrollton,"3,831",11.3
24237,TX Corpus Christi,"3,886",9.7
24238,TX Austin,"6,451",8.2
24239,TX College Station,"6,280",5.8
24240,TX Corpus Christi,"4,609",13.9
24241,TX Bryan,"5,263",15.4
24243,TX Austin,"2,798",6.5
24244,TX Austin,"2,322",8.8
24245,TX Corpus Christi,"3,439",11.4
24246,TX Austin,"4,599",7.3
24247,TX Austin,"4,446",5.4
24248,TX Austin,"4,159",8.7
24249,TX Corpus Christi,"1,267",1.6
24250,TX Baytown,"3,253",16.6
24251,TX Corpus Christi,"4,695",23.2
24252,TX Austin,"4,987",6.5
24253,TX Carrollton,"1,874",13.3
24255,TX Austin,"1,035",7.0
24256,TX Brownsville,"1,124",23.3
24257,TX Austin,"1,498",15.7
24258,TX Brownsville,"2,068",18.5
24259,TX Bryan,"6,709",7.1
24260,TX Austin,"2,670",7.4
24261,TX College Station,"4,572",7.4
24262,TX Austin,"2,272",9.3
24263,TX Corpus Christi,"2,328",14.7
24264,TX Baytown,"4,416",11.6
24265,TX Brownsville,"5,192",12.6
24266,TX Austin,"3,571",11.4
24267,TX Beaumont,253,12.3
24268,TX Beaumont,938,6.6
24269,TX Corpus Christi,"9,130",9.3
24270,TX Beaumont,"3,060",11.5
24271,TX Austin,"4,061",6.4
24272,TX Austin,"3,592",5.1
24273,TX Beaumont,"5,196",10.9
24274,TX Corpus Christi,"5,159",10.9
24275,TX Austin,"4,939",4.3
24276,TX Brownsville,"2,642",24.3
24277,TX Austin,"3,111",7.3
24278,TX Carrollton,175,11.9
24279,TX Austin,"2,295",11.6
24280,TX Austin,"3,614",5.3
24281,TX Baytown,"71,802",11.9
24282,TX College Station,"1,590",7.7
24283,TX Carrollton,412,10.9
24284,TX Austin,"2,191",5.2
24285,TX Beaumont,"118,296",13.9
24286,TX Brownsville,"3,530",18.2
24287,TX Baytown,724,16.5
24288,TX Bryan,"7,867",6.1
24289,TX Austin,"2,251",9.1
24290,TX Corpus Christi,"2,617",15.1
24291,TX College Station,468,4.4
24292,TX Corpus Christi,"3,305",12.1
24293,TX Brownsville,"4,671",21.9
24294,TX Beaumont,"3,475",22.7
24295,TX Austin,"1,934",7.9
24296,TX Austin,"3,830",15.4
24297,TX Bryan,"4,038",7.5
24298,TX Corpus Christi,"3,406",9.8
24299,TX Carrollton,"3,630",8.3
24300,TX Austin,"2,867",10.1
24301,TX Austin,"4,515",7.5
24302,TX Austin,"3,185",13.1
24303,TX Baytown,"3,594",11.2
24304,TX Carrollton,"3,700",10.3
24305,TX Austin,"3,773",9.8
24306,TX Brownsville,681,17.3
24307,TX Austin,122,5.5
24308,TX Austin,"3,555",7.5
24309,TX Austin,"7,812",10.0
24310,TX Austin,"3,764",6.3
24311,TX Austin,"3,301",4.3
24312,TX Austin,"7,549",9.8
24313,TX Corpus Christi,"1,839",16.6
24314,TX Corpus Christi,"4,781",11.9
24315,TX Brownsville,"175,023",17.4
24316,TX Austin,"2,276",7.3
24317,TX Beaumont,"1,923",21.9
24318,TX Austin,"3,836",4.4
24319,TX Carrollton,"4,452",12.1
24320,TX Carrollton,"5,362",7.9
24321,TX Austin,"5,177",5.5
24322,TX Austin,"2,616",10.1
24323,TX Beaumont,"3,846",8.9
24324,TX Austin,"4,954",6.0
24325,TX Austin,"4,467",6.5
24326,TX Brownsville,"3,972",16.2
24327,TX Brownsville,"15,629",12.5
24328,TX Corpus Christi,"6,072",15.0
24329,TX Austin,"2,509",10.0
24330,TX Baytown,"1,994",11.2
24331,TX Corpus Christi,"4,851",11.5
24332,TX Corpus Christi,"1,895",9.8
24333,TX Beaumont,"4,348",10.9
24334,TX Austin,"3,321",7.0
24335,TX Corpus Christi,"4,790",18.4
24336,TX Baytown,"5,002",13.1
24337,TX Bryan,"6,182",13.0
24339,TX Bryan,"7,211",11.6
24340,TX Austin,"4,518",3.8
24341,TX Austin,"4,323",9.5
24342,TX Austin,"2,795",5.9
24343,TX Austin,"5,163",6.3
24345,TX Austin,"3,045",4.1
24346,TX Austin,"2,437",7.5
24347,TX Austin,"4,787",7.3
24348,TX Austin,"3,653",9.8
24349,TX Brownsville,"3,266",25.1
24350,TX Corpus Christi,"4,973",11.9
24351,TX College Station,"5,009",6.3
24352,TX Carrollton,"4,336",9.0
24353,TX Brownsville,"5,205",16.5
24354,TX Beaumont,"5,465",15.0
24355,TX Brownsville,"3,666",17.0
24356,TX Austin,184,9.5
24357,TX Corpus Christi,"4,311",17.5
24358,TX Baytown,"4,917",12.3
24359,TX Corpus Christi,798,3.7
24360,TX Beaumont,"3,349",7.9
24361,TX Austin,"7,267",7.1
24362,TX Corpus Christi,"3,699",10.9
24363,TX Austin,"11,332",6.4
24364,TX Austin,"5,181",4.3
24365,TX Corpus Christi,"5,706",10.0
24366,TX Austin,"4,996",11.8
24367,TX Brownsville,"3,905",17.2
24368,TX Austin,"1,546",3.6
24369,TX Corpus Christi,"4,131",16.0
24370,TX Corpus Christi,"6,823",17.0
24371,TX Austin,"1,339",6.3
24372,TX Austin,"1,490",9.2
24373,TX Austin,"3,379",10.4
24374,TX Bryan,"2,201",9.5
24375,TX Brownsville,"2,230",20.3
24376,TX Austin,"3,616",7.9
24377,TX Austin,"2,343",6.5
24378,TX Austin,"3,009",5.2
24379,TX Austin,"5,989",5.7
24380,TX College Station,"5,560",5.3
24381,TX Austin,"6,444",8.9
24382,TX Corpus Christi,"3,452",22.0
24383,TX Beaumont,"6,671",9.1
24384,TX Beaumont,"2,975",22.7
24385,TX College Station,"5,661",4.5
24386,TX Austin,"1,439",8.8
24387,TX Corpus Christi,"4,265",7.7
24388,TX Austin,157,8.1
24389,TX Austin,"4,662",7.7
24390,TX Beaumont,"4,747",13.6
24391,TX Carrollton,"5,138",8.7
24392,TX Bryan,"2,369",13.0
24393,TX Carrollton,"4,000",9.9
24394,TX Carrollton,"5,356",10.2
24395,TX Brownsville,"4,534",17.4
24396,TX Corpus Christi,"5,892",13.9
24397,TX Austin,"3,143",12.9
24398,TX Carrollton,"5,022",10.1
24399,TX Austin,"3,668",7.8
24400,TX Austin,"4,311",7.6
24401,TX Austin,"2,871",6.0
24402,TX Brownsville,"4,290",17.9
24403,TX Baytown,"2,887",10.1
24404,TX Austin,"3,890",7.2
24405,TX Corpus Christi,"5,000",12.9
24406,TX Austin,"6,952",7.8
24407,TX Austin,"5,535",6.3
24408,TX Brownsville,"2,214",19.9
24409,TX Austin,"1,121",3.2
24410,TX Carrollton,"6,443",8.7
24411,TX College Station,"4,028",6.1
24412,TX Austin,"5,204",9.6
24414,TX Austin,"2,027",7.0
24415,TX Corpus Christi,"6,457",14.5
24416,TX Bryan,"76,201",10.5
24417,TX Austin,"5,413",11.8
24418,TX Austin,"2,794",6.5
24419,TX Corpus Christi,"4,328",20.0
24420,TX Carrollton,"2,372",11.1
24421,TX Brownsville,"6,488",12.9
24422,TX Austin,"6,161",12.4
24423,TX Austin,"2,606",8.6
24424,TX Austin,"2,065",8.8
24425,TX Brownsville,"2,519",23.0
24426,TX Austin,"1,803",11.2
24427,TX College Station,"5,136",4.2
24428,TX Corpus Christi,"4,516",8.9
24429,TX Baytown,"5,227",10.8
24430,TX Carrollton,"5,560",7.8
24431,TX Bryan,"3,055",12.0
24432,TX College Station,"2,612",7.4
24433,TX Corpus Christi,"1,618",10.6
24434,TX Corpus Christi,"3,381",17.0
24435,TX Brownsville,"3,311",21.4
24436,TX Brownsville,63,25.2
24437,TX Austin,"4,607",7.0
24438,TX Corpus Christi,"6,695",21.3
24439,TX Austin,"3,997",7.5
24440,TX Corpus Christi,"6,280",9.8
24441,TX College Station,"1,110",6.7
24442,TX Austin,"3,223",4.2
24443,TX Austin,"3,067",13.9
24444,TX Austin,"5,472",8.2
24445,TX Austin,"3,875",6.7
24446,TX Austin,"4,536",9.3
24447,TX Carrollton,"3,568",10.8
24449,TX Beaumont,"2,978",17.6
24450,TX Austin,"2,865",7.8
24451,TX Baytown,"1,690",8.1
24452,TX College Station,"8,987",1.7
24453,TX Brownsville,"3,662",17.5
24454,TX Carrollton,"3,087",9.5
24455,TX Austin,"7,082",7.4
24456,TX Brownsville,"4,146",19.6
24457,TX Beaumont,"2,725",17.8
24458,TX Beaumont,"6,368",11.2
24459,TX Corpus Christi,"2,416",6.9
24460,TX Austin,"2,152",6.9
24461,TX Austin,"1,734",8.9
24462,TX Austin,"7,089",12.0
24463,TX Corpus Christi,"3,618",15.3
24464,TX Austin,"2,738",9.2
24465,TX Carrollton,"1,073",12.7
24466,TX Baytown,"5,141",13.2
24467,TX Bryan,"5,083",11.3
24468,TX Austin,"4,750",11.2
24469,TX Corpus Christi,"5,487",12.3
24470,TX Corpus Christi,"4,392",15.5
24471,TX Austin,"4,405",5.7
24472,TX Austin,"4,222",13.3
24473,TX Austin,"2,941",7.5
24474,TX Brownsville,"5,075",19.6
24475,TX Austin,"5,442",6.5
24477,TX Corpus Christi,"5,242",13.7
24478,TX Baytown,"4,067",12.7
24480,TX Austin,"3,986",8.3
24481,TX Austin,"6,752",7.4
24482,TX Brownsville,"2,791",23.5
24483,TX Austin,"6,362",9.7
24484,TX Corpus Christi,"4,783",16.9
24485,TX Austin,"5,862",6.4
24486,TX College Station,"6,466",2.3
24487,TX Corpus Christi,"1,661",19.5
24488,TX Brownsville,127,13.8
24489,TX Austin,"2,499",5.9
24490,TX Carrollton,"3,615",9.6
24491,TX Beaumont,"2,452",20.0
24492,TX Baytown,"4,408",10.2
24493,TX Austin,"2,727",4.7
24494,TX Brownsville,"2,912",21.4
24495,TX Austin,"3,394",4.8
24496,TX Corpus Christi,"3,687",11.2
24497,TX Carrollton,"3,728",9.5
24498,TX Austin,"1,107",6.6
24499,TX Corpus Christi,"4,046",14.9
24500,TX Austin,"4,787",8.0
24501,TX Beaumont,"3,758",16.3
24502,TX Austin,"5,251",13.0
24503,TX Brownsville,"2,647",18.9
24504,TX Austin,"2,552",8.0
24505,TX Austin,"4,147",7.6
24506,TX Austin,"7,257",11.4
24507,TX Beaumont,"5,926",17.7
24508,TX Austin,"5,105",9.4
24509,TX Austin,"5,853",11.7
24510,TX Brownsville,984,20.4
24511,TX Austin,"6,422",6.3
24513,TX Corpus Christi,"4,012",18.3
24514,TX Austin,"3,574",3.8
24515,TX Austin,"3,869",5.8
24516,TX Corpus Christi,"5,059",9.5
24518,TX Carrollton,"119,097",10.0
24519,TX Austin,"7,157",12.9
24520,TX Corpus Christi,"1,969",21.1
24521,TX College Station,"5,813",5.4
24522,TX Austin,421,8.3
24523,TX Austin,"7,092",6.1
24524,TX Austin,"6,496",2.9
24525,TX Brownsville,"2,476",24.1
24526,TX Bryan,"3,323",9.2
24527,TX Bryan,"5,379",10.8
24528,TX Austin,152,13.9
24529,TX Austin,331,9.6
24530,TX Austin,"3,583",3.9
24531,TX College Station,"3,367",4.9
24533,TX Austin,"6,908",10.4
24535,TX Corpus Christi,"1,625",16.8
24536,TX College Station,"4,367",9.0
24537,TX Carrollton,"1,391",9.0
24538,TX Brownsville,"5,380",19.4
24539,TX Corpus Christi,"4,146",9.5
24540,TX Corpus Christi,"7,930",14.6
24541,TX Beaumont,"2,396",13.9
24542,TX Austin,"1,484",6.9
24543,TX Austin,383,20.4
24544,TX Austin,"5,341",11.2
24545,TX Corpus Christi,"3,072",14.8
24546,TX Beaumont,"3,311",18.3
24547,TX Corpus Christi,"2,310",8.9
24548,TX Austin,"5,782",11.5
24549,TX Beaumont,"1,029",11.1
24550,TX Austin,"790,390",7.7
24551,TX Brownsville,"3,923",23.9
24552,TX Brownsville,"3,986",15.7
24553,TX Austin,"9,971",5.9
24554,TX Brownsville,"3,019",19.2
24555,TX Austin,"3,984",7.2
24556,TX Austin,"4,657",6.9
24557,TX Austin,"2,697",5.4
24558,TX Corpus Christi,"4,020",22.3
24559,TX Corpus Christi,"1,899",14.5
24560,TX Beaumont,"6,936",9.7
24561,TX Austin,"2,803",7.5
24562,TX Bryan,"5,255",10.1
24564,TX Austin,"3,394",9.4
24565,TX Austin,"6,723",6.4
24566,TX Austin,"3,027",10.5
24567,TX Baytown,"7,485",10.2
24568,TX Austin,"5,270",7.9
24569,TX Brownsville,"2,242",17.6
24570,TX Austin,"4,676",4.6
24571,TX Bryan,"5,543",17.1
24572,TX Austin,"5,550",10.3
24573,TX Corpus Christi,"5,074",10.3
24574,TX Austin,"3,793",8.0
24575,TX Austin,"3,512",7.5
24576,TX Austin,"2,443",5.2
24577,TX Corpus Christi,"2,207",11.4
24578,TX Austin,"3,656",11.9
24579,TX Carrollton,"1,010",5.5
24580,TX College Station,"5,762",3.2
24581,TX Carrollton,"4,650",11.6
24582,TX Brownsville,"2,973",17.9
24583,TX College Station,"93,857",4.8
24584,TX Beaumont,"3,499",22.6
24585,TX Brownsville,"2,236",24.3
24586,TX Austin,"4,747",12.7
24587,TX Corpus Christi,"6,296",13.6
24588,TX Austin,"6,589",6.2
24589,TX Austin,"5,383",7.7
24590,TX College Station,896,1.9
24591,TX Carrollton,"4,703",10.9
24592,TX Beaumont,"2,501",10.6
24593,TX Corpus Christi,"3,978",13.0
24594,TX Austin,"3,890",4.8
24595,TX Carrollton,"5,430",12.3
24596,TX Corpus Christi,"305,215",13.9
24597,TX Baytown,"3,052",13.0
24598,TX Austin,"7,793",2.6
24599,TX Austin,"7,014",7.6
24601,TX Austin,"2,981",4.6
24602,TX Austin,"4,955",8.1
24603,TX College Station,79,7.8
24604,TX Carrollton,"4,810",8.9
24605,TX Austin,"2,429",7.2
24606,TX Austin,"6,478",10.8
24607,TX Carrollton,"5,913",13.6
24608,TX Corpus Christi,"4,259",18.8
24609,TX College Station,"1,352",3.7
24610,TX Austin,420,7.2
24611,TX Brownsville,231,18.5
24612,TX College Station,"1,048",4.2
24613,TX Beaumont,"2,339",16.7
24614,TX Corpus Christi,"3,963",14.6
24615,TX Austin,"5,615",7.5
24616,TX Austin,"4,014",6.6
24617,TX Corpus Christi,"4,912",12.6
24618,TX Brownsville,"4,879",14.3
24619,TX Baytown,"2,352",16.0
24620,TX Corpus Christi,"4,813",9.5
24621,TX Austin,"2,379",7.5
24622,TX Corpus Christi,"4,318",9.7
24623,TX Austin,179,17.9
24624,TX Baytown,"4,116",10.3
24625,TX Austin,"1,799",16.0
24627,TX Austin,"4,008",10.2
24628,TX Austin,"3,611",6.2
24629,TX Beaumont,"1,664",19.6
24630,TX Beaumont,"118,296",13.8
24631,TX Corpus Christi,"2,310",13.5
24632,TX Austin,"4,265",11.5
24633,TX Brownsville,"5,273",17.1
24634,TX Austin,"1,864",4.8
24635,TX Austin,"2,687",6.9
24636,TX College Station,"3,455",3.8
24637,TX Austin,"3,925",6.7
24638,TX Brownsville,85,12.0
24639,TX Austin,"3,422",12.0
24640,TX Austin,"4,165",6.5
24641,TX Corpus Christi,"4,738",20.4
24642,TX College Station,"4,303",7.8
24643,TX Carrollton,368,9.6
24644,TX Corpus Christi,496,15.3
24645,TX Austin,"3,180",9.8
24646,TX Austin,"4,729",6.9
24647,TX Beaumont,"2,724",11.4
24648,TX Austin,"3,916",7.2
24649,TX Beaumont,"2,014",11.5
24650,TX Bryan,"4,542",9.2
24651,TX Austin,"3,564",9.4
24652,TX Corpus Christi,"4,328",14.8
24653,TX Brownsville,"8,544",12.3
24654,TX Austin,"2,035",7.7
24655,TX Corpus Christi,"5,316",12.8
24656,TX Austin,"1,065",8.5
24657,TX Bryan,"76,201",12.8
24658,TX Brownsville,"4,627",14.9
24659,TX El Paso,"4,197",13.1
24660,TX Denton,"5,558",8.0
24661,TX Denton,"5,726",9.3
24662,TX Dallas,116,14.6
24664,TX Dallas,"3,933",10.3
24665,TX Dallas,"4,606",12.7
24666,TX Frisco,723,5.3
24667,TX Dallas,"1,195",4.1
24668,TX El Paso,"6,289",12.5
24669,TX Dallas,"5,378",12.4
24670,TX El Paso,"5,548",14.3
24672,TX Dallas,"6,355",8.8
24673,TX Fort Worth,"10,823",5.5
24674,TX Dallas,"5,081",7.9
24675,TX El Paso,"5,732",24.4
24677,TX Dallas,"2,459",8.1
24678,TX Fort Worth,"3,176",13.4
24679,TX Dallas,"1,559",23.5
24680,TX Dallas,"5,206",23.4
24682,TX Edinburg,"15,955",9.6
24683,TX Dallas,"5,812",19.6
24684,TX Fort Worth,"3,048",20.9
24685,TX Dallas,"3,261",7.7
24686,TX El Paso,"4,811",9.1
24687,TX Frisco,"4,454",5.7
24688,TX El Paso,"4,761",14.9
24689,TX Dallas,887,7.4
24690,TX Dallas,"4,009",6.4
24691,TX El Paso,"4,515",17.0
24692,TX Dallas,"3,451",8.6
24693,TX El Paso,"7,034",11.1
24694,TX Dallas,"3,424",15.5
24695,TX Fort Worth,"7,387",9.0
24696,TX Fort Worth,"5,449",15.7
24697,TX Dallas,"2,724",9.6
24698,TX Dallas,"1,085",6.1
24699,TX Denton,499,8.6
24700,TX Dallas,"3,465",5.6
24701,TX Fort Worth,"11,069",6.3
24702,TX El Paso,"6,989",10.1
24703,TX Dallas,"4,101",23.7
24704,TX Fort Worth,"5,950",15.0
24705,TX El Paso,"4,594",16.1
24706,TX Dallas,"2,260",7.1
24707,TX Dallas,"2,269",10.1
24708,TX El Paso,"5,799",21.8
24709,TX El Paso,"2,431",3.5
24710,TX Dallas,"1,947",10.9
24711,TX Dallas,"5,729",15.5
24713,TX Fort Worth,"5,815",14.7
24714,TX Dallas,"3,297",13.4
24715,TX Dallas,"8,463",14.8
24717,TX Dallas,"2,067",6.7
24718,TX Dallas,76,12.8
24719,TX Dallas,"3,481",11.7
24720,TX Fort Worth,"3,546",24.1
24721,TX Edinburg,"5,298",11.9
24722,TX Dallas,"3,328",12.8
24723,TX Dallas,"2,583",23.4
24724,TX Fort Worth,"17,241",6.6
24725,TX Dallas,"3,213",12.7
24726,TX Fort Worth,"2,643",16.7
24727,TX Dallas,"3,849",22.8
24729,TX El Paso,"4,861",13.0
24730,TX El Paso,"3,614",17.6
24731,TX Dallas,"2,462",9.0
24732,TX El Paso,"3,043",22.3
24733,TX Dallas,"6,507",6.0
24734,TX El Paso,"5,021",10.6
24735,TX Frisco,"2,815",6.9
24736,TX El Paso,"6,397",22.0
24738,TX Dallas,"7,336",12.6
24739,TX Dallas,"1,803",8.7
24740,TX Dallas,"3,185",15.3
24741,TX Fort Worth,"1,629",20.5
24742,TX Fort Worth,"2,154",14.0
24743,TX Fort Worth,"5,649",11.3
24744,TX Dallas,"3,819",9.6
24745,TX Dallas,"4,794",9.8
24746,TX Denton,"5,037",6.7
24747,TX El Paso,"6,598",19.5
24748,TX Fort Worth,"3,865",7.6
24749,TX El Paso,"2,854",20.9
24750,TX El Paso,"2,505",15.3
24751,TX Dallas,"3,370",10.2
24752,TX Fort Worth,"2,968",17.1
24753,TX El Paso,"4,263",7.9
24754,TX Dallas,"1,451",11.5
24755,TX Dallas,"4,605",14.6
24756,TX Dallas,"2,919",14.5
24757,TX El Paso,"2,930",9.3
24758,TX Fort Worth,463,11.1
24759,TX Dallas,"2,625",7.9
24760,TX Dallas,"7,169",11.0
24761,TX Frisco,"2,966",8.0
24762,TX Dallas,"9,859",12.8
24763,TX Fort Worth,"3,179",7.1
24764,TX Dallas,"3,972",6.1
24765,TX Dallas,"5,297",17.7
24766,TX Fort Worth,"5,053",10.8
24767,TX Edinburg,"2,616",17.6
24769,TX Fort Worth,"4,751",17.7
24770,TX Dallas,"3,358",5.3
24771,TX Fort Worth,"3,674",15.8
24772,TX Dallas,"3,752",14.2
24773,TX Dallas,"3,998",17.4
24774,TX Dallas,912,10.0
24775,TX El Paso,"3,050",29.4
24776,TX Dallas,"5,013",12.1
24777,TX Dallas,"1,724",23.0
24778,TX Fort Worth,"7,660",11.4
24779,TX El Paso,"5,015",13.3
24780,TX Dallas,"3,368",9.6
24781,TX El Paso,"6,362",13.4
24782,TX Dallas,"3,164",2.8
24784,TX Dallas,"2,798",18.0
24785,TX Fort Worth,"741,206",11.3
24786,TX Fort Worth,"6,162",15.0
24787,TX Denton,"5,638",6.9
24788,TX Dallas,"2,605",9.8
24789,TX Fort Worth,"4,763",9.5
24790,TX Frisco,"2,824",4.3
24791,TX Fort Worth,"5,922",4.2
24792,TX Dallas,"3,033",23.0
24793,TX Dallas,"4,499",13.9
24794,TX Dallas,"5,051",22.4
24795,TX Frisco,"3,190",5.7
24796,TX Fort Worth,"3,115",6.7
24797,TX Fort Worth,"1,110",11.4
24798,TX Edinburg,"10,660",11.2
24799,TX Dallas,"1,854",6.6
24800,TX El Paso,"6,597",9.8
24801,TX El Paso,"5,300",15.2
24802,TX El Paso,"2,774",22.6
24803,TX Dallas,"3,202",4.3
24804,TX Dallas,"3,408",11.1
24805,TX Dallas,"1,197,816",12.0
24807,TX Fort Worth,"4,019",8.8
24808,TX El Paso,"6,253",13.0
24809,TX Dallas,"6,019",11.7
24810,TX El Paso,"3,445",14.3
24811,TX Dallas,"4,624",8.8
24812,TX Fort Worth,"4,348",18.0
24813,TX Fort Worth,"1,947",14.1
24814,TX Dallas,"4,830",11.3
24815,TX Dallas,"3,970",11.6
24816,TX Dallas,"5,504",12.2
24817,TX El Paso,"7,344",11.4
24818,TX Dallas,"3,263",10.0
24819,TX Fort Worth,"5,787",12.5
24821,TX Dallas,"2,713",21.7
24822,TX El Paso,"7,871",17.1
24823,TX El Paso,"3,715",9.5
24824,TX Dallas,"5,741",10.5
24825,TX Dallas,"6,211",14.6
24826,TX Fort Worth,"2,935",14.5
24827,TX El Paso,"649,121",15.0
24828,TX El Paso,"5,613",8.5
24829,TX Fort Worth,"8,308",5.5
24830,TX Dallas,"2,710",11.8
24831,TX El Paso,"4,796",13.1
24832,TX Dallas,"4,186",14.6
24833,TX Fort Worth,"2,286",9.2
24834,TX El Paso,"4,225",20.8
24835,TX Frisco,"2,395",6.6
24836,TX Fort Worth,"5,327",13.3
24837,TX Edinburg,438,19.6
24838,TX Dallas,"2,265",8.5
24839,TX Dallas,"2,424",23.6
24840,TX Denton,228,8.3
24841,TX Denton,"3,642",9.8
24842,TX Dallas,"8,211",11.8
24843,TX Frisco,"4,609",6.1
24844,TX Fort Worth,"5,432",7.2
24845,TX Dallas,112,15.4
24846,TX Denton,107,12.1
24847,TX Frisco,"5,554",7.1
24848,TX Dallas,"6,270",7.3
24849,TX El Paso,"6,496",17.1
24850,TX Dallas,467,20.3
24851,TX Dallas,"3,066",7.1
24852,TX Dallas,"3,261",14.2
24853,TX El Paso,"5,459",13.8
24854,TX Dallas,"5,734",12.1
24855,TX Dallas,"4,634",12.5
24856,TX Dallas,"2,572",15.5
24857,TX Dallas,"4,833",9.9
24858,TX El Paso,"1,552",24.1
24859,TX Fort Worth,"4,771",15.7
24860,TX Dallas,"3,676",22.7
24861,TX Dallas,"4,773",16.8
24862,TX Dallas,"6,008",12.3
24863,TX Dallas,"1,413",17.3
24864,TX Dallas,"3,377",12.6
24865,TX Fort Worth,"5,086",11.4
24866,TX Fort Worth,"4,782",9.8
24867,TX El Paso,"6,744",10.5
24868,TX Frisco,"1,460",5.1
24869,TX Fort Worth,"2,711",14.3
24871,TX Dallas,"9,363",15.0
24872,TX El Paso,"3,250",17.9
24873,TX El Paso,"4,238",10.1
24874,TX Dallas,"4,176",7.5
24876,TX El Paso,"1,459",17.6
24877,TX Edinburg,"77,100",16.6
24878,TX Fort Worth,"2,800",21.6
24879,TX Dallas,"2,363",10.3
24880,TX Dallas,"5,296",9.1
24881,TX Fort Worth,"3,467",20.4
24882,TX El Paso,"6,997",13.5
24883,TX Dallas,"1,839",9.8
24884,TX Frisco,"6,038",6.2
24885,TX Dallas,"4,039",16.3
24886,TX Fort Worth,"4,557",5.9
24887,TX Dallas,"2,145",5.8
24888,TX Fort Worth,"2,797",6.1
24889,TX Fort Worth,"1,002",8.8
24890,TX Dallas,"4,470",22.5
24891,TX Dallas,"4,322",15.0
24892,TX Dallas,"6,069",8.4
24893,TX Frisco,"2,093",13.1
24894,TX Dallas,"6,073",9.9
24895,TX El Paso,"3,431",13.5
24896,TX Dallas,"2,279",5.8
24898,TX Dallas,"4,235",12.7
24899,TX El Paso,"2,779",9.7
24900,TX El Paso,"4,863",19.5
24901,TX Fort Worth,"4,187",12.9
24902,TX El Paso,"7,642",10.8
24903,TX Dallas,"3,133",6.9
24904,TX Fort Worth,"6,648",8.5
24905,TX Dallas,"3,010",17.1
24906,TX El Paso,"7,923",12.2
24907,TX Dallas,"4,428",13.4
24908,TX El Paso,"3,825",10.9
24909,TX Dallas,"4,374",13.4
24910,TX Dallas,"8,148",15.9
24911,TX Fort Worth,"9,675",14.0
24912,TX Denton,"1,752",10.5
24913,TX Dallas,"6,084",20.3
24914,TX Dallas,"2,375",14.2
24915,TX Dallas,"2,477",9.0
24916,TX Dallas,"2,474",4.2
24917,TX Dallas,"7,418",10.9
24918,TX El Paso,"3,429",12.9
24919,TX Dallas,"3,111",16.0
24920,TX Denton,"3,266",7.1
24921,TX El Paso,"4,841",12.7
24922,TX Fort Worth,"2,598",15.3
24923,TX Dallas,"4,061",16.4
24924,TX Fort Worth,"4,842",14.2
24925,TX El Paso,"2,587",11.8
24926,TX Fort Worth,"3,012",19.5
24927,TX Fort Worth,"3,206",16.8
24928,TX Dallas,"1,155",21.2
24929,TX Dallas,321,18.7
24930,TX Dallas,"5,140",9.1
24931,TX El Paso,"3,904",12.7
24932,TX Dallas,"2,758",4.4
24933,TX Frisco,"1,363",6.7
24937,TX Dallas,"6,206",8.6
24938,TX Dallas,"2,049",4.5
24939,TX Fort Worth,"3,581",10.4
24940,TX Dallas,"7,200",11.0
24941,TX Fort Worth,"2,405",12.2
24942,TX Fort Worth,"4,931",12.2
24943,TX El Paso,"6,939",17.6
24944,TX Fort Worth,"3,479",10.1
24945,TX Dallas,"2,247",8.7
24946,TX Fort Worth,"3,143",11.0
24947,TX Fort Worth,"2,282",6.4
24948,TX Dallas,"6,448",16.1
24949,TX El Paso,"2,171",25.2
24950,TX Frisco,"6,031",5.8
24951,TX Dallas,"1,926",6.0
24952,TX Dallas,"6,953",12.1
24953,TX Dallas,"1,956",24.0
24954,TX Dallas,"5,784",11.9
24955,TX El Paso,"3,585",11.7
24956,TX Dallas,75,10.0
24957,TX Fort Worth,"5,368",13.1
24958,TX El Paso,"5,916",17.7
24959,TX Dallas,"3,456",17.0
24960,TX Dallas,"3,625",20.9
24961,TX Dallas,"5,304",11.7
24962,TX Fort Worth,"3,759",9.4
24963,TX Dallas,"2,766",14.7
24964,TX Dallas,"3,178",16.9
24965,TX Dallas,"7,085",13.9
24966,TX Fort Worth,"3,695",12.4
24967,TX Dallas,"4,933",16.8
24968,TX Dallas,"5,028",6.0
24969,TX Dallas,"1,197,816",13.5
24970,TX El Paso,"3,373",14.8
24971,TX Fort Worth,"3,775",15.8
24972,TX Frisco,"2,691",7.0
24973,TX Fort Worth,"1,896",12.0
24974,TX El Paso,"5,657",16.8
24975,TX El Paso,"5,807",15.9
24976,TX Dallas,"3,213",21.0
24977,TX Fort Worth,"4,769",14.8
24978,TX Fort Worth,"5,452",12.5
24979,TX Fort Worth,"6,058",8.0
24980,TX Dallas,"4,846",12.0
24981,TX Fort Worth,"4,512",8.6
24983,TX El Paso,"5,683",14.1
24984,TX Dallas,"7,979",14.8
24985,TX Dallas,"2,204",8.2
24986,TX Dallas,"5,706",13.8
24987,TX Frisco,"2,182",5.6
24988,TX El Paso,"5,788",13.5
24989,TX Fort Worth,"1,676",6.2
24990,TX Frisco,"3,699",7.4
24991,TX El Paso,"3,316",13.1
24992,TX Fort Worth,"8,129",7.5
24993,TX Fort Worth,"4,423",12.7
24994,TX El Paso,"649,121",14.9
24996,TX Dallas,"2,294",9.0
24997,TX Dallas,"2,022",10.7
24998,TX Denton,"4,242",12.2
24999,TX Fort Worth,"4,344",9.0
25000,TX Dallas,"4,388",11.0
25001,TX Fort Worth,"13,102",7.7
25002,TX Dallas,"4,080",5.1
25003,TX Denton,"3,403",8.1
25004,TX Dallas,"2,363",6.2
25005,TX Denton,"2,877",6.3
25006,TX Fort Worth,"4,459",9.2
25007,TX Dallas,"2,909",7.8
25008,TX Fort Worth,"2,105",21.2
25009,TX Dallas,"1,818",3.7
25010,TX Dallas,"2,969",13.4
25011,TX Dallas,"4,400",22.5
25012,TX Fort Worth,"1,316",7.0
25013,TX Dallas,"6,278",18.4
25014,TX Edinburg,"7,483",13.6
25015,TX Fort Worth,"1,718",12.3
25016,TX Fort Worth,"3,335",15.1
25017,TX Dallas,"6,248",14.3
25018,TX Dallas,"4,135",3.9
25020,TX Fort Worth,"5,463",11.3
25021,TX Dallas,"4,922",9.1
25022,TX Dallas,"7,747",12.7
25023,TX Fort Worth,"3,329",14.5
25024,TX El Paso,"5,921",21.5
25025,TX Dallas,"4,339",9.3
25026,TX Edinburg,"3,239",13.2
25027,TX Fort Worth,"3,468",9.2
25028,TX El Paso,"6,921",20.4
25029,TX Dallas,"7,581",11.9
25030,TX Frisco,"3,796",8.1
25031,TX Fort Worth,507,6.1
25032,TX Fort Worth,"3,651",20.4
25033,TX Dallas,"3,723",14.1
25034,TX El Paso,"4,712",20.1
25035,TX Fort Worth,"6,603",8.6
25036,TX Fort Worth,"4,131",20.1
25037,TX Fort Worth,229,7.9
25038,TX Fort Worth,"4,849",12.9
25039,TX Dallas,"1,709",10.7
25040,TX Dallas,"6,221",13.1
25041,TX Dallas,"2,402",13.4
25042,TX Fort Worth,"3,463",21.2
25043,TX Dallas,"5,859",10.8
25044,TX Denton,"8,716",9.3
25045,TX El Paso,"6,366",14.2
25046,TX Fort Worth,"2,840",12.7
25047,TX El Paso,"6,638",10.7
25048,TX Dallas,"6,485",16.1
25049,TX Frisco,"5,389",8.5
25050,TX El Paso,"4,248",16.9
25051,TX Dallas,"3,094",5.2
25052,TX Fort Worth,"5,754",6.9
25053,TX Dallas,"4,967",5.5
25054,TX Dallas,"3,727",14.3
25055,TX El Paso,"3,925",19.5
25056,TX Dallas,"6,610",13.4
25057,TX Dallas,"7,818",11.4
25058,TX Fort Worth,"8,326",5.9
25059,TX Dallas,"2,605",8.3
25060,TX Dallas,"1,477",9.1
25061,TX El Paso,"8,507",15.6
25062,TX Dallas,"3,878",15.1
25063,TX El Paso,"5,740",7.7
25064,TX Fort Worth,"2,799",18.9
25065,TX Denton,"2,843",5.1
25066,TX Dallas,"3,060",8.7
25067,TX Dallas,"2,568",21.2
25068,TX Fort Worth,"2,889",11.3
25069,TX Fort Worth,"3,698",9.6
25070,TX Edinburg,"2,539",12.1
25071,TX Dallas,"3,077",20.8
25072,TX El Paso,"6,417",18.2
25073,TX Dallas,"4,975",11.9
25074,TX Fort Worth,"4,328",13.9
25075,TX El Paso,"7,040",11.9
25076,TX Frisco,"1,690",6.1
25077,TX Dallas,"3,339",7.5
25078,TX Dallas,"1,082",22.7
25079,TX Dallas,"3,975",11.5
25080,TX El Paso,"5,203",14.1
25081,TX El Paso,"3,845",21.4
25082,TX Dallas,"2,570",15.0
25083,TX Frisco,"6,130",7.6
25084,TX Fort Worth,"7,514",16.6
25085,TX El Paso,"4,923",19.6
25086,TX El Paso,"5,271",20.0
25087,TX Dallas,"3,107",9.2
25088,TX Fort Worth,"3,824",13.3
25089,TX Dallas,"4,872",9.1
25090,TX Fort Worth,"4,399",22.1
25092,TX Dallas,"1,665",8.1
25093,TX Fort Worth,"7,343",7.3
25094,TX Dallas,"3,035",8.2
25096,TX Fort Worth,"7,326",7.3
25097,TX Frisco,"116,989",8.0
25098,TX Frisco,"8,025",5.9
25099,TX El Paso,"5,709",11.8
25101,TX Dallas,"5,005",10.8
25102,TX El Paso,"2,001",6.5
25103,TX Dallas,"5,326",6.7
25104,TX Fort Worth,"2,071",10.4
25105,TX Dallas,"4,974",13.7
25106,TX Dallas,"3,190",10.3
25107,TX El Paso,"6,084",18.7
25108,TX Edinburg,"77,100",13.4
25109,TX Dallas,"1,987",7.8
25110,TX Fort Worth,"3,344",10.9
25111,TX Fort Worth,"5,851",15.0
25112,TX Dallas,350,9.0
25113,TX Dallas,"2,544",8.4
25114,TX Dallas,"1,146",18.1
25115,TX El Paso,"7,464",15.7
25116,TX Dallas,"5,738",11.7
25117,TX Dallas,"1,382",19.7
25118,TX El Paso,"4,316",17.4
25119,TX Fort Worth,"2,801",18.0
25120,TX Denton,"4,022",7.5
25121,TX El Paso,"4,846",12.4
25122,TX Dallas,"2,382",8.5
25123,TX Dallas,"6,484",19.3
25124,TX Dallas,"4,072",8.3
25125,TX Fort Worth,"5,901",17.1
25126,TX Dallas,"5,429",10.9
25127,TX Frisco,"4,353",6.0
25128,TX Dallas,"3,048",23.2
25129,TX El Paso,"8,836",9.7
25130,TX El Paso,"4,727",18.4
25131,TX Dallas,"4,800",6.3
25132,TX Dallas,"4,140",17.5
25133,TX Dallas,"3,575",2.4
25134,TX Fort Worth,"6,634",12.4
25135,TX El Paso,968,20.0
25136,TX Fort Worth,"6,137",6.4
25137,TX Fort Worth,"5,065",14.0
25138,TX Dallas,"5,537",6.7
25139,TX Denton,"3,368",3.6
25140,TX Fort Worth,"1,366",7.9
25141,TX Denton,"6,474",8.6
25142,TX Dallas,"1,459",6.3
25143,TX Frisco,"1,800",5.6
25144,TX Frisco,"116,989",6.8
25145,TX Dallas,"4,738",12.4
25146,TX Fort Worth,"12,407",6.0
25147,TX Dallas,"5,684",14.8
25148,TX Dallas,"6,059",14.4
25149,TX Dallas,"6,128",15.5
25150,TX Fort Worth,"4,574",8.5
25151,TX Dallas,"6,638",17.5
25152,TX El Paso,"5,958",17.3
25153,TX Dallas,"4,048",3.2
25154,TX Edinburg,"8,169",10.5
25156,TX Dallas,"5,328",14.0
25157,TX Fort Worth,"4,502",13.0
25158,TX Frisco,"5,214",5.6
25159,TX El Paso,"4,188",22.2
25160,TX Dallas,"2,469",7.9
25161,TX Fort Worth,"3,557",13.3
25162,TX Denton,"113,383",7.9
25163,TX Fort Worth,"1,171",8.4
25164,TX Fort Worth,"2,723",19.5
25165,TX Fort Worth,"4,539",7.4
25166,TX Dallas,"3,409",5.4
25167,TX Edinburg,"5,035",21.4
25168,TX El Paso,"4,418",15.2
25169,TX Dallas,"4,138",8.4
25170,TX Dallas,"6,144",12.7
25171,TX El Paso,"2,997",28.7
25172,TX Dallas,"5,080",19.0
25173,TX Fort Worth,"2,620",21.3
25174,TX Fort Worth,"5,025",7.8
25175,TX Dallas,"3,616",7.3
25176,TX Fort Worth,"4,322",13.8
25177,TX Dallas,"2,984",9.6
25178,TX Dallas,"4,549",20.4
25179,TX Dallas,"3,696",9.0
25180,TX Dallas,"3,825",7.7
25181,TX Fort Worth,"4,916",14.6
25183,TX Denton,"5,724",4.2
25184,TX El Paso,"5,584",18.8
25185,TX Denton,"4,695",10.1
25186,TX Frisco,"5,961",9.4
25187,TX Denton,"2,052",15.8
25188,TX Dallas,"3,643",10.6
25189,TX Dallas,"6,525",6.8
25190,TX Dallas,"1,860",7.5
25191,TX El Paso,"3,571",15.9
25192,TX Fort Worth,"3,559",21.4
25193,TX El Paso,"7,079",17.9
25194,TX Dallas,"5,731",13.4
25195,TX Dallas,"4,694",11.4
25196,TX Fort Worth,"3,905",9.8
25197,TX El Paso,"5,269",15.2
25199,TX El Paso,"5,023",8.9
25200,TX Dallas,"1,602",7.1
25201,TX Frisco,"1,893",6.7
25202,TX Dallas,"4,713",12.6
25203,TX Dallas,"4,824",9.4
25204,TX Dallas,"3,458",10.0
25206,TX Fort Worth,"3,681",11.7
25207,TX Dallas,"2,880",9.0
25208,TX El Paso,698,28.1
25209,TX Dallas,"4,820",20.0
25210,TX Fort Worth,"4,557",11.2
25211,TX El Paso,"4,722",12.2
25212,TX Dallas,"6,153",15.4
25213,TX Dallas,"5,940",15.9
25214,TX Fort Worth,"4,690",17.8
25215,TX El Paso,"11,245",8.5
25216,TX Dallas,"5,068",11.3
25217,TX Fort Worth,"2,535",5.7
25218,TX Dallas,"3,630",10.1
25219,TX Fort Worth,"2,626",8.3
25220,TX Dallas,"3,247",17.3
25222,TX Dallas,"3,756",9.8
25223,TX Dallas,"4,263",15.8
25224,TX El Paso,"4,684",12.7
25225,TX Frisco,"2,704",7.7
25226,TX El Paso,"4,277",8.4
25227,TX Fort Worth,"3,856",8.4
25228,TX El Paso,"4,787",18.1
25229,TX Dallas,"5,221",11.1
25230,TX Fort Worth,"3,284",8.5
25231,TX El Paso,"5,283",15.5
25232,TX Dallas,"4,442",20.1
25234,TX Dallas,"4,743",8.3
25235,TX Fort Worth,"11,198",6.2
25236,TX Fort Worth,"8,234",10.4
25237,TX Dallas,"1,786",7.6
25238,TX Dallas,"1,901",9.8
25240,TX Fort Worth,"3,001",20.7
25241,TX Fort Worth,"5,159",8.4
25242,TX El Paso,"3,489",15.9
25243,TX Denton,"3,969",8.0
25244,TX Dallas,"4,807",11.7
25245,TX Dallas,"3,205",12.6
25246,TX Dallas,"6,265",7.6
25247,TX Dallas,"1,660",9.4
25248,TX El Paso,"3,372",19.6
25249,TX Dallas,"5,308",19.7
25250,TX Dallas,"5,331",10.7
25251,TX Dallas,"5,228",15.1
25252,TX Dallas,"4,847",16.9
25254,TX Fort Worth,"10,244",8.5
25255,TX El Paso,"3,337",20.5
25256,TX Fort Worth,"5,882",13.0
25257,TX Dallas,"2,048",8.2
25258,TX Dallas,"1,394",3.4
25259,TX Fort Worth,"3,671",16.2
25260,TX Fort Worth,"4,185",9.2
25261,TX Denton,"4,906",7.1
25262,TX Dallas,"3,281",13.4
25263,TX Fort Worth,"3,687",17.3
25264,TX Frisco,"4,733",6.1
25265,TX El Paso,"5,956",14.3
25266,TX Fort Worth,126,17.1
25267,TX El Paso,"4,417",20.2
25268,TX El Paso,"3,799",22.8
25269,TX Fort Worth,"4,943",9.8
25270,TX Edinburg,"3,192",16.9
25271,TX Dallas,"1,938",8.1
25272,TX Dallas,"4,029",7.4
25273,TX Dallas,"1,237",19.7
25274,TX Dallas,"5,987",9.4
25275,TX Dallas,"3,670",12.3
25276,TX Fort Worth,"6,893",8.8
25277,TX Fort Worth,"5,523",13.8
25278,TX Fort Worth,"4,504",16.8
25279,TX Dallas,"3,801",8.1
25280,TX El Paso,"4,803",8.2
25281,TX Frisco,"1,775",6.0
25282,TX Dallas,"2,088",10.8
25283,TX Dallas,"1,860",22.3
25284,TX Dallas,"3,505",21.0
25285,TX Dallas,"6,608",12.9
25286,TX Edinburg,"4,594",17.5
25287,TX Dallas,"4,324",8.9
25288,TX El Paso,"3,622",23.5
25289,TX Dallas,"2,463",12.5
25290,TX Dallas,"11,780",9.2
25291,TX Fort Worth,"7,483",13.8
25292,TX Edinburg,"7,882",18.6
25293,TX Denton,"4,644",4.9
25294,TX Fort Worth,870,14.6
25295,TX Dallas,"5,230",10.0
25296,TX Dallas,"7,486",14.4
25297,TX Dallas,"3,917",16.6
25298,TX Fort Worth,"2,009",18.2
25299,TX El Paso,"4,738",22.4
25300,TX Fort Worth,"5,089",9.1
25301,TX El Paso,"8,377",12.1
25302,TX Dallas,376,9.2
25303,TX Dallas,"2,619",5.2
25304,TX El Paso,"5,902",6.8
25305,TX Frisco,"4,214",6.0
25306,TX El Paso,"2,939",20.5
25307,TX Fort Worth,"1,153",7.9
25308,TX Frisco,"4,008",5.3
25309,TX El Paso,"4,445",13.9
25310,TX El Paso,"6,146",4.2
25311,TX Dallas,"3,550",14.5
25312,TX El Paso,"6,081",13.0
25313,TX Fort Worth,"741,206",12.8
25314,TX Denton,"113,383",10.4
25315,TX Dallas,"4,446",10.7
25316,TX El Paso,"3,957",15.3
25317,TX Dallas,"4,504",7.1
25318,TX Denton,"6,750",7.5
25319,TX Fort Worth,"5,053",14.1
25320,TX Dallas,"2,827",8.7
25321,TX Dallas,"3,407",22.0
25322,TX Fort Worth,147,11.0
25323,TX Fort Worth,"5,491",10.3
25324,TX Dallas,"1,733",8.9
25325,TX Dallas,"3,953",10.2
25326,TX Dallas,"3,062",12.7
25327,TX Denton,"6,646",7.8
25328,TX Dallas,"2,828",10.0
25329,TX Dallas,"3,046",15.8
25330,TX El Paso,"2,232",13.1
25331,TX Dallas,"3,697",11.9
25332,TX Dallas,"2,878",14.8
25333,TX Dallas,"7,184",15.0
25334,TX Dallas,"4,060",13.8
25335,TX Fort Worth,"7,491",15.7
25336,TX El Paso,"3,223",20.4
25337,TX Dallas,"5,919",12.9
25338,TX Fort Worth,"5,973",7.1
25339,TX Fort Worth,"8,403",12.5
25340,TX Dallas,"5,518",8.8
25341,TX Fort Worth,"6,211",13.1
25342,TX El Paso,"5,626",20.6
25343,TX El Paso,"4,988",12.2
25344,TX El Paso,"9,390",9.2
25345,TX Fort Worth,"2,025",15.2
25346,TX Dallas,"2,535",10.2
25347,TX El Paso,"3,867",17.6
25348,TX Dallas,"2,237",11.7
25349,TX El Paso,"3,950",20.5
25350,TX Dallas,813,9.5
25351,TX Dallas,565,8.3
25352,TX Fort Worth,"9,152",13.0
25353,TX El Paso,"6,440",9.1
25354,TX Dallas,"3,729",9.2
25355,TX El Paso,"11,009",8.6
25356,TX Frisco,211,9.4
25357,TX Dallas,"3,136",2.9
25358,TX Fort Worth,"1,900",13.6
25359,TX Denton,"6,576",9.0
25361,TX Dallas,"2,284",5.0
25362,TX Dallas,"3,543",14.9
25363,TX Dallas,"2,875",5.9
25364,TX El Paso,"4,411",14.4
25365,TX El Paso,"1,369",30.3
25366,TX Garland,"4,031",9.2
25367,TX Houston,"7,116",12.8
25368,TX Grand Prairie,"6,809",9.1
25369,TX Houston,577,5.2
25371,TX Houston,"8,823",7.9
25372,TX Houston,"2,753",18.1
25373,TX Houston,"3,607",9.4
25374,TX Houston,"3,610",22.4
25376,TX Houston,"2,622",6.7
25377,TX Houston,"5,777",14.1
25378,TX Houston,"2,323",15.8
25379,TX Houston,"2,774",3.8
25380,TX Houston,"4,084",18.9
25381,TX Houston,"4,037",15.9
25382,TX Garland,"6,611",11.9
25383,TX Houston,"3,093",4.3
25384,TX Houston,"6,635",12.9
25385,TX Houston,"3,473",20.7
25386,TX Houston,"2,886",8.0
25387,TX Grand Prairie,"7,115",12.0
25388,TX Houston,"2,448",17.1
25389,TX Houston,"5,109",8.1
25390,TX Houston,"4,705",9.8
25391,TX Houston,"3,725",11.4
25393,TX Grand Prairie,"5,390",11.0
25394,TX Grand Prairie,"3,797",9.0
25395,TX Houston,"5,058",14.3
25396,TX Houston,"4,254",18.5
25397,TX Houston,"4,577",8.9
25398,TX Houston,"3,989",10.9
25399,TX Houston,"4,362",13.3
25401,TX Garland,"4,813",11.3
25402,TX Houston,"4,424",6.5
25403,TX Houston,"5,548",9.8
25404,TX Houston,"4,537",15.9
25405,TX Houston,"5,217",12.6
25406,TX Houston,"5,439",13.3
25407,TX Houston,"3,886",21.6
25408,TX Houston,"2,352",19.4
25410,TX Houston,"2,572",20.3
25411,TX Houston,"3,450",7.8
25412,TX Houston,"3,729",8.1
25413,TX Houston,"3,701",12.8
25414,TX Houston,"5,431",14.8
25416,TX Houston,"3,941",13.0
25417,TX Houston,"2,339",7.0
25418,TX Houston,"4,947",14.0
25419,TX Grand Prairie,"3,550",14.2
25421,TX Houston,"3,266",13.8
25422,TX Houston,"3,000",13.2
25423,TX Houston,"4,985",18.7
25424,TX Houston,"9,385",7.1
25425,TX Houston,602,9.0
25426,TX Houston,"5,196",14.1
25427,TX Grand Prairie,"2,092",12.1
25428,TX Houston,"5,734",8.1
25429,TX Houston,"6,449",13.1
25430,TX Houston,"3,133",16.4
25431,TX Houston,"6,774",15.9
25432,TX Houston,"4,592",7.8
25434,TX Houston,"6,233",11.4
25435,TX Houston,"5,928",10.9
25438,TX Grand Prairie,"8,935",9.1
25439,TX Houston,"6,472",7.8
25440,TX Houston,"3,920",11.1
25441,TX Houston,"7,508",14.7
25442,TX Houston,"4,734",7.2
25443,TX Houston,"2,690",9.5
25444,TX Houston,"5,123",14.6
25445,TX Houston,"6,174",12.5
25446,TX Houston,"4,831",19.8
25448,TX Houston,"2,676",7.2
25449,TX Houston,"6,100",10.6
25450,TX Houston,329,4.3
25451,TX Houston,"4,695",13.4
25452,TX Houston,"4,908",15.6
25453,TX Houston,"5,562",13.1
25454,TX Houston,"5,233",5.3
25455,TX Houston,"3,629",8.3
25456,TX Houston,"4,235",8.3
25457,TX Houston,"3,364",21.0
25458,TX Houston,"4,763",18.8
25459,TX Houston,"5,432",4.9
25460,TX Houston,"3,460",6.8
25461,TX Houston,"8,214",12.5
25462,TX Houston,"2,264",7.4
25463,TX Houston,"2,811",16.8
25464,TX Houston,"3,690",16.3
25465,TX Houston,"1,712",9.1
25466,TX Houston,391,13.2
25467,TX Houston,"4,831",18.9
25468,TX Garland,"4,967",10.9
25469,TX Grand Prairie,"3,852",14.5
25470,TX Houston,"7,108",14.1
25471,TX Houston,"8,569",8.3
25472,TX Houston,"6,467",11.4
25473,TX Houston,"3,020",10.1
25474,TX Houston,"5,239",9.6
25475,TX Houston,"5,529",12.0
25476,TX Garland,"6,610",11.8
25477,TX Houston,"8,311",9.1
25478,TX Garland,"4,731",13.0
25479,TX Houston,"2,103",11.5
25480,TX Houston,480,7.9
25481,TX Houston,"1,613",11.8
25482,TX Houston,"2,191",13.8
25483,TX Grand Prairie,"1,474",6.2
25484,TX Houston,"2,541",12.3
25485,TX Houston,149,9.9
25486,TX Houston,"3,062",9.4
25487,TX Houston,"2,759",5.5
25489,TX Houston,957,11.6
25490,TX Houston,"1,936",6.5
25491,TX Houston,"5,328",17.9
25492,TX Houston,214,7.5
25493,TX Houston,"2,943",11.9
25494,TX Grand Prairie,"5,745",8.4
25495,TX Houston,239,15.4
25496,TX Houston,"8,313",13.1
25497,TX Houston,"7,145",17.6
25498,TX Houston,"3,352",9.3
25499,TX Houston,"2,556",6.5
25500,TX Houston,"4,998",13.8
25501,TX Houston,"4,363",14.7
25502,TX Garland,"6,523",12.9
25503,TX Houston,"3,663",14.2
25504,TX Houston,"3,687",11.9
25505,TX Houston,"1,765",13.5
25506,TX Houston,"4,872",7.9
25507,TX Houston,328,8.3
25508,TX Houston,"3,894",15.0
25509,TX Houston,"4,103",11.2
25510,TX Houston,"3,511",3.9
25511,TX Houston,"2,099,451",12.0
25512,TX Houston,113,17.8
25514,TX Houston,"2,170",7.9
25515,TX Houston,"5,647",13.4
25516,TX Houston,"1,416",18.8
25517,TX Houston,"1,653",8.8
25518,TX Grand Prairie,"2,430",13.5
25520,TX Garland,"5,510",14.8
25521,TX Houston,"4,543",7.7
25522,TX Houston,146,13.6
25523,TX Houston,"6,367",9.5
25524,TX Houston,"2,232",8.3
25525,TX Grand Prairie,"6,703",11.4
25526,TX Houston,"3,079",16.3
25527,TX Houston,"1,620",22.2
25528,TX Houston,147,14.1
25529,TX Houston,"4,767",11.1
25530,TX Garland,"4,712",16.6
25531,TX Houston,"4,243",15.1
25532,TX Houston,215,11.7
25533,TX Houston,"2,876",13.8
25534,TX Houston,"3,598",16.5
25535,TX Houston,"3,384",6.7
25536,TX Garland,"5,294",9.7
25537,TX Houston,"6,693",14.7
25538,TX Houston,"2,963",7.7
25539,TX Houston,"2,829",7.7
25541,TX Houston,"3,626",11.8
25542,TX Houston,"2,651",20.2
25543,TX Garland,"4,301",14.0
25544,TX Houston,"1,200",9.8
25545,TX Houston,"1,927",13.6
25546,TX Houston,"3,849",18.7
25547,TX Houston,"3,049",11.8
25548,TX Houston,"3,843",18.7
25550,TX Garland,"5,584",9.4
25551,TX Houston,"3,604",8.4
25553,TX Houston,"9,652",5.7
25554,TX Houston,"2,728",16.0
25555,TX Houston,"3,037",19.4
25556,TX Houston,"5,054",19.8
25557,TX Grand Prairie,"3,458",12.6
25558,TX Houston,"4,509",14.4
25559,TX Houston,"3,640",6.4
25560,TX Houston,"3,067",9.6
25561,TX Houston,"7,167",10.1
25562,TX Houston,"5,355",6.4
25563,TX Houston,"2,892",7.6
25564,TX Houston,"4,774",12.6
25565,TX Houston,"3,635",20.8
25566,TX Houston,"2,089",6.3
25567,TX Houston,"3,801",16.8
25568,TX Houston,573,6.3
25569,TX Houston,"6,161",10.7
25570,TX Garland,"4,076",9.4
25571,TX Houston,"4,542",14.8
25572,TX Houston,"1,933",11.1
25573,TX Houston,"7,947",13.6
25574,TX Houston,106,6.1
25575,TX Houston,311,7.2
25577,TX Garland,"7,050",12.9
25578,TX Grand Prairie,"6,511",12.6
25579,TX Houston,"5,217",14.4
25580,TX Garland,"5,577",11.3
25581,TX Houston,"3,161",12.5
25582,TX Garland,"5,905",11.7
25583,TX Houston,"2,602",21.2
25585,TX Houston,"5,242",15.8
25586,TX Houston,"8,259",15.0
25587,TX Houston,138,6.6
25588,TX Houston,"6,424",16.9
25589,TX Houston,"2,349",15.8
25590,TX Houston,"5,546",11.1
25591,TX Houston,"3,001",8.3
25592,TX Grand Prairie,"3,377",10.6
25593,TX Houston,"2,490",14.5
25594,TX Houston,60,9.0
25595,TX Houston,"3,257",20.1
25596,TX Grand Prairie,"5,129",13.5
25597,TX Houston,"7,400",9.7
25598,TX Houston,"2,485",17.4
25599,TX Grand Prairie,"2,031",14.2
25600,TX Houston,"6,328",11.7
25602,TX Houston,"4,147",10.7
25603,TX Houston,"1,506",12.0
25604,TX Houston,"9,228",12.7
25605,TX Houston,"3,330",8.2
25606,TX Houston,"2,307",7.9
25608,TX Houston,"2,486",8.5
25609,TX Grand Prairie,218,6.1
25610,TX Garland,237,8.8
25611,TX Houston,"5,054",7.7
25612,TX Houston,"1,080",9.4
25615,TX Houston,"5,991",9.4
25616,TX Houston,101,12.2
25617,TX Grand Prairie,"2,855",14.8
25618,TX Houston,"4,421",17.0
25619,TX Houston,"2,435",13.4
25620,TX Houston,"4,041",15.3
25621,TX Houston,"3,748",11.3
25622,TX Garland,"7,232",12.6
25623,TX Houston,428,11.3
25624,TX Houston,"5,770",17.5
25625,TX Houston,61,6.1
25626,TX Houston,"1,756",8.5
25627,TX Houston,"1,803",10.0
25628,TX Grand Prairie,"3,625",5.0
25630,TX Houston,"5,871",7.9
25631,TX Houston,"7,394",13.1
25632,TX Houston,"3,087",7.1
25633,TX Houston,"5,005",9.6
25635,TX Houston,"2,501",19.7
25636,TX Houston,"7,411",10.6
25637,TX Garland,"3,690",12.1
25638,TX Grand Prairie,"8,945",9.4
25639,TX Houston,982,12.4
25640,TX Houston,591,4.4
25641,TX Houston,"9,419",8.2
25642,TX Houston,"5,924",7.9
25643,TX Houston,"3,303",8.6
25644,TX Houston,"3,632",13.6
25645,TX Houston,"1,969",13.4
25646,TX Houston,"1,061",6.3
25647,TX Houston,"5,886",10.2
25648,TX Houston,"3,929",7.0
25649,TX Houston,393,10.0
25650,TX Houston,"2,289",6.0
25651,TX Houston,"7,699",15.8
25652,TX Houston,"2,941",9.9
25653,TX Grand Prairie,"2,579",13.7
25654,TX Houston,"2,664",14.3
25655,TX Houston,"2,142",7.7
25656,TX Houston,"4,108",14.9
25657,TX Garland,"6,463",11.7
25658,TX Houston,"6,849",10.9
25659,TX Houston,"4,278",9.0
25660,TX Houston,"4,476",13.7
25661,TX Houston,"1,008",10.6
25662,TX Houston,"3,655",13.1
25663,TX Houston,"6,317",18.3
25664,TX Houston,"5,544",10.9
25666,TX Houston,"1,803",21.3
25667,TX Houston,"2,854",7.9
25668,TX Houston,"1,705",18.6
25669,TX Houston,"6,908",6.1
25670,TX Houston,"3,284",10.3
25671,TX Houston,681,16.1
25673,TX Houston,"6,897",8.1
25674,TX Houston,"2,822",21.4
25676,TX Houston,"4,495",5.6
25678,TX Houston,"2,860",14.9
25679,TX Houston,"3,216",16.6
25680,TX Houston,"6,232",13.0
25681,TX Houston,"2,039",20.8
25682,TX Houston,"6,458",17.2
25683,TX Houston,"3,471",7.4
25684,TX Houston,"3,807",6.4
25685,TX Houston,"7,869",13.2
25686,TX Houston,"5,674",12.1
25687,TX Houston,"4,617",16.0
25688,TX Houston,"2,058",20.0
25690,TX Houston,807,6.1
25691,TX Garland,"3,179",12.4
25693,TX Houston,"2,764",16.8
25694,TX Houston,"2,340",17.2
25696,TX Houston,"6,074",12.4
25697,TX Houston,554,6.8
25698,TX Houston,"4,121",17.2
25699,TX Houston,"5,606",15.8
25700,TX Houston,"5,593",13.3
25701,TX Houston,600,9.7
25702,TX Houston,"3,711",7.5
25703,TX Grand Prairie,"3,008",10.8
25704,TX Houston,383,6.4
25705,TX Houston,"4,040",16.0
25706,TX Houston,"6,070",5.5
25707,TX Houston,"6,605",17.0
25708,TX Houston,"5,924",9.4
25709,TX Houston,"3,347",13.1
25710,TX Houston,"3,837",6.7
25711,TX Houston,"3,910",16.1
25712,TX Grand Prairie,"6,114",9.3
25713,TX Houston,"5,118",14.5
25714,TX Houston,"6,721",10.9
25715,TX Houston,"2,511",9.9
25716,TX Houston,88,8.6
25717,TX Grand Prairie,"9,995",9.4
25718,TX Garland,"4,668",10.5
25719,TX Houston,"5,880",20.4
25720,TX Houston,"3,156",14.7
25721,TX Houston,"8,322",14.7
25722,TX Garland,"3,830",9.3
25723,TX Houston,"4,207",12.2
25725,TX Garland,234,5.2
25726,TX Houston,"4,043",8.9
25727,TX Houston,133,13.9
25729,TX Houston,"1,597",10.5
25730,TX Houston,"5,497",14.3
25732,TX Houston,"4,618",12.1
25733,TX Houston,52,7.1
25734,TX Houston,"6,537",11.3
25735,TX Houston,"5,381",19.9
25736,TX Houston,"7,169",10.0
25737,TX Garland,"226,876",12.1
25738,TX Houston,"4,126",11.2
25739,TX Houston,"3,206",3.8
25740,TX Houston,"3,695",6.8
25741,TX Houston,"1,463",6.0
25742,TX Houston,"7,794",14.5
25743,TX Houston,"3,440",12.5
25744,TX Houston,"3,681",7.2
25745,TX Houston,"7,544",5.0
25746,TX Houston,"3,289",20.6
25747,TX Garland,835,11.0
25748,TX Houston,"4,867",14.3
25749,TX Houston,"2,220",7.7
25750,TX Houston,"1,768",10.2
25751,TX Houston,"7,886",11.5
25752,TX Grand Prairie,"4,951",9.5
25753,TX Houston,53,6.9
25754,TX Houston,"2,774",8.7
25755,TX Houston,"2,831",21.8
25756,TX Houston,699,9.0
25757,TX Houston,726,7.1
25758,TX Garland,"3,709",13.6
25759,TX Houston,"5,593",20.8
25760,TX Houston,"2,434",8.7
25761,TX Houston,"2,412",6.7
25762,TX Houston,"5,759",7.1
25763,TX Houston,"3,336",9.1
25764,TX Garland,"4,683",15.3
25765,TX Houston,"4,729",17.5
25766,TX Houston,"1,907",15.7
25767,TX Garland,"6,173",9.8
25768,TX Houston,"6,137",14.5
25769,TX Houston,"3,178",11.2
25770,TX Houston,"6,881",9.0
25771,TX Houston,"2,400",21.6
25772,TX Houston,"2,327",10.6
25773,TX Houston,509,4.7
25774,TX Houston,"2,430",11.1
25775,TX Houston,"4,042",11.2
25776,TX Houston,"2,631",13.5
25777,TX Houston,"3,631",7.0
25778,TX Houston,"4,167",13.4
25779,TX Houston,"4,560",11.1
25782,TX Houston,"4,690",8.9
25783,TX Houston,"2,466",10.3
25784,TX Houston,818,8.5
25785,TX Garland,"5,046",10.6
25786,TX Houston,"2,621",6.2
25787,TX Houston,"5,897",11.6
25788,TX Garland,"3,657",10.2
25789,TX Houston,"7,235",12.8
25790,TX Houston,"3,030",15.0
25791,TX Houston,"2,208",21.2
25792,TX Houston,101,9.9
25793,TX Houston,"1,496",16.3
25794,TX Houston,"5,520",9.0
25795,TX Houston,"3,233",11.1
25796,TX Houston,"2,328",2.4
25798,TX Houston,"3,916",4.8
25799,TX Houston,"2,805",20.4
25800,TX Houston,"5,021",14.2
25801,TX Houston,"1,955",15.1
25802,TX Grand Prairie,"4,455",14.6
25803,TX Houston,"2,706",23.1
25804,TX Houston,"9,372",12.5
25805,TX Houston,"4,271",21.5
25806,TX Houston,"2,626",5.0
25807,TX Houston,"9,914",10.2
25808,TX Houston,"4,310",8.4
25809,TX Houston,"1,684",14.1
25811,TX Houston,"4,759",6.8
25812,TX Houston,"2,446",7.1
25813,TX Houston,"3,393",9.4
25814,TX Houston,"6,004",21.2
25815,TX Garland,920,11.0
25816,TX Houston,825,7.4
25819,TX Houston,"5,084",6.4
25821,TX Houston,"7,317",8.0
25822,TX Houston,"3,849",13.3
25823,TX Houston,"2,654",12.0
25824,TX Houston,"4,774",18.1
25826,TX Grand Prairie,"7,361",8.0
25827,TX Houston,"4,647",21.2
25828,TX Houston,"4,818",12.5
25829,TX Houston,"5,049",15.8
25831,TX Houston,"7,014",12.8
25832,TX Houston,"3,383",6.4
25833,TX Houston,"4,503",9.5
25834,TX Houston,455,9.6
25835,TX Houston,"5,527",14.8
25836,TX Houston,"3,719",18.4
25837,TX Houston,"7,111",19.2
25838,TX Houston,"2,775",11.3
25839,TX Houston,"2,849",7.0
25840,TX Houston,"3,356",7.0
25841,TX Garland,"6,536",12.5
25843,TX Houston,"2,965",12.9
25844,TX Houston,271,16.2
25845,TX Houston,"1,775",9.4
25846,TX Houston,"2,491",16.1
25847,TX Houston,"5,358",15.1
25848,TX Houston,"4,122",9.6
25849,TX Houston,"3,818",5.4
25850,TX Houston,"3,971",21.5
25851,TX Houston,"5,227",20.6
25852,TX Grand Prairie,"7,309",12.5
25853,TX Houston,"5,083",14.2
25854,TX Garland,"4,950",10.1
25857,TX Houston,"5,380",12.4
25858,TX Houston,"2,484",14.4
25859,TX Houston,"6,814",9.1
25860,TX Houston,153,12.6
25861,TX Houston,"3,484",13.7
25862,TX Houston,"3,162",9.3
25863,TX Houston,"1,177",16.2
25864,TX Garland,"226,876",11.8
25865,TX Houston,"1,380",7.9
25866,TX Garland,139,10.3
25868,TX Houston,"3,786",5.4
25869,TX Houston,"3,909",8.3
25870,TX Houston,"2,935",17.5
25871,TX Houston,"2,108",14.3
25872,TX Houston,"4,430",11.3
25873,TX Houston,243,10.9
25874,TX Houston,"2,967",6.4
25875,TX Houston,"6,025",14.0
25876,TX Houston,"2,725",2.2
25877,TX Houston,"4,434",13.0
25878,TX Houston,"4,399",9.5
25879,TX Houston,"6,662",14.9
25880,TX Houston,"2,097",18.3
25881,TX Grand Prairie,"4,857",12.5
25882,TX Houston,"4,209",5.8
25883,TX Houston,"3,209",5.8
25884,TX Houston,"5,682",11.8
25885,TX Houston,"3,239",13.8
25886,TX Houston,"3,156",12.7
25887,TX Houston,"4,058",8.1
25888,TX Houston,"2,675",9.0
25890,TX Garland,"3,285",11.4
25891,TX Houston,"4,348",7.6
25892,TX Houston,"5,884",11.2
25893,TX Houston,"4,089",5.8
25894,TX Houston,561,6.1
25895,TX Houston,"6,272",13.5
25896,TX Houston,"4,981",10.1
25897,TX Houston,"7,857",15.5
25898,TX Houston,54,10.3
25899,TX Houston,"3,905",10.8
25901,TX Grand Prairie,"3,968",7.2
25902,TX Houston,"4,406",13.1
25903,TX Houston,"4,336",14.8
25904,TX Garland,"4,178",13.6
25905,TX Houston,"3,373",9.4
25906,TX Houston,"8,593",14.3
25907,TX Garland,"6,155",11.9
25908,TX Houston,"4,708",18.8
25909,TX Houston,"4,145",12.4
25911,TX Houston,"4,663",15.2
25912,TX Grand Prairie,455,10.8
25913,TX Houston,"6,614",14.7
25914,TX Grand Prairie,"4,462",12.1
25915,TX Houston,929,9.6
25916,TX Houston,"2,685",7.8
25917,TX Houston,"4,916",12.4
25918,TX Houston,"4,882",17.1
25919,TX Houston,"7,593",12.2
25920,TX Houston,"3,222",17.3
25921,TX Houston,"4,216",7.6
25922,TX Grand Prairie,"175,396",10.7
25923,TX Houston,"1,962",18.2
25924,TX Houston,"4,202",4.2
25925,TX Houston,459,6.9
25926,TX Houston,"2,452",12.5
25927,TX Houston,"5,225",17.8
25928,TX Houston,"3,383",14.7
25929,TX Houston,"4,516",6.3
25930,TX Houston,"5,594",11.4
25931,TX Houston,"8,217",10.4
25932,TX Houston,"2,685",9.8
25933,TX Houston,"5,289",11.8
25934,TX Houston,"5,281",12.2
25935,TX Garland,"6,086",11.9
25936,TX Houston,"6,521",8.4
25937,TX Houston,"3,135",17.1
25938,TX Houston,"2,638",11.6
25939,TX Houston,749,6.5
25940,TX Houston,"3,342",14.8
25941,TX Houston,339,9.8
25942,TX Garland,"4,564",11.8
25943,TX Houston,515,6.9
25944,TX Houston,"1,888",10.2
25945,TX Houston,"3,411",7.5
25946,TX Garland,"7,493",11.0
25947,TX Houston,"4,282",19.2
25948,TX Houston,"8,192",14.9
25949,TX Houston,"2,790",15.0
25950,TX Houston,603,8.0
25951,TX Houston,"2,512",9.1
25952,TX Houston,"1,852",15.0
25953,TX Houston,"4,162",5.9
25954,TX Houston,"3,962",10.0
25955,TX Houston,"6,989",13.0
25956,TX Houston,"4,231",21.2
25957,TX Houston,"5,048",6.3
25958,TX Houston,"3,970",7.2
25959,TX Houston,"2,530",10.6
25960,TX Houston,"3,612",17.7
25961,TX Houston,"3,892",8.6
25962,TX Houston,"2,457",18.3
25963,TX Houston,"5,949",13.0
25964,TX Houston,119,9.8
25965,TX Houston,"7,136",7.9
25966,TX Houston,"7,159",8.7
25967,TX Houston,"2,918",19.0
25969,TX Houston,"3,793",8.4
25970,TX Houston,"2,127",21.2
25971,TX Houston,"2,520",24.2
25972,TX Houston,"2,177",11.8
25973,TX Houston,61,9.2
25974,TX Houston,"4,061",13.5
25975,TX Houston,"1,230",10.9
25977,TX Grand Prairie,"2,819",14.3
25979,TX Houston,"7,024",9.1
25980,TX Houston,"2,279",7.3
25981,TX Houston,"4,618",8.1
25982,TX Houston,"6,433",12.7
25983,TX Houston,"5,259",10.5
25984,TX Houston,"3,464",7.7
25985,TX Houston,122,9.7
25986,TX Houston,"6,380",12.5
25987,TX Houston,"3,682",20.9
25988,TX Houston,"3,685",13.2
25989,TX Houston,"1,717",20.0
25990,TX Houston,"4,261",7.6
25991,TX Houston,"1,358",9.7
25992,TX Houston,133,9.5
25993,TX Houston,"5,027",14.4
25994,TX Houston,"2,379",21.2
25995,TX Houston,"5,616",16.0
25997,TX Houston,"7,445",11.8
25998,TX Garland,"3,993",13.1
25999,TX Houston,"4,749",13.4
26000,TX Houston,"5,886",17.9
26001,TX Houston,"2,775",9.4
26003,TX Houston,"4,174",17.5
26004,TX Houston,"4,288",21.7
26005,TX Grand Prairie,"4,364",9.1
26006,TX Houston,"2,332",13.6
26007,TX Houston,"4,641",12.3
26008,TX Houston,"7,397",9.7
26009,TX Houston,"2,547",10.9
26010,TX Houston,"2,878",6.1
26012,TX Houston,"5,046",22.5
26013,TX Houston,"2,654",17.7
26014,TX Houston,461,9.5
26015,TX Houston,"3,139",8.7
26016,TX Houston,"5,153",13.9
26017,TX Garland,"5,406",13.8
26018,TX Houston,"2,665",8.9
26019,TX Houston,"3,504",6.2
26020,TX Houston,674,11.1
26021,TX Houston,"5,770",9.7
26022,TX Houston,"5,126",11.9
26023,TX Houston,"4,591",10.4
26024,TX Houston,"4,856",16.0
26025,TX Grand Prairie,"175,396",12.1
26026,TX Houston,"6,484",11.0
26027,TX Houston,"3,315",13.1
26028,TX Houston,"3,724",10.6
26029,TX Houston,"4,835",7.0
26030,TX Houston,698,8.5
26031,TX Houston,"2,099,451",13.3
26032,TX Garland,"5,093",9.9
26033,TX Garland,"8,497",9.7
26034,TX Houston,"5,284",6.3
26035,TX Houston,"3,125",13.4
26036,TX Houston,"6,461",7.9
26037,TX Grand Prairie,"4,393",11.7
26038,TX Houston,169,14.4
26039,TX Houston,"2,076",11.8
26040,TX Houston,413,10.8
26041,TX Houston,159,7.9
26042,TX Houston,"2,350",11.6
26044,TX Garland,"6,971",15.2
26045,TX Houston,"2,053",11.1
26046,TX Houston,"2,823",9.8
26047,TX Houston,"1,647",18.2
26048,TX Houston,560,9.8
26049,TX Garland,"3,531",12.4
26050,TX Houston,"7,611",13.4
26051,TX Houston,"4,345",14.9
26052,TX Houston,"4,187",11.9
26053,TX Houston,"4,763",5.0
26054,TX Houston,"2,684",5.4
26055,TX Houston,"5,749",8.6
26056,TX Grand Prairie,"3,327",9.2
26057,TX Houston,"2,539",8.1
26058,TX Houston,"1,689",8.8
26059,TX Houston,"4,859",11.9
26060,TX Houston,"6,907",16.1
26061,TX Houston,"3,798",16.5
26062,TX Houston,"5,215",8.6
26063,TX Houston,"5,994",14.9
26064,TX Houston,176,11.6
26065,TX Garland,"4,565",13.1
26066,TX Grand Prairie,"6,880",8.9
26067,TX Laredo,"3,813",15.8
26068,TX Lewisville,"3,428",7.6
26069,TX Lubbock,"3,372",7.0
26070,TX Mission,"6,321",20.5
26071,TX Laredo,"3,425",20.8
26072,TX Longview,150,11.3
26073,TX Mesquite,244,13.8
26074,TX McAllen,"2,999",15.4
26075,TX Missouri City,"6,146",9.5
26076,TX Odessa,"4,937",12.3
26077,TX Pasadena,"3,104",8.6
26078,TX Mesquite,"5,720",9.0
26079,TX League City,"8,221",7.0
26080,TX Lubbock,"2,398",8.8
26081,TX Lewisville,"95,290",10.6
26082,TX Laredo,"4,768",17.1
26083,TX Mission,"2,374",13.7
26084,TX Missouri City,"3,799",11.9
26085,TX Pasadena,"3,219",12.9
26086,TX Odessa,"3,368",8.5
26087,TX Midland,"3,962",8.3
26088,TX Killeen,"5,518",9.0
26089,TX Lubbock,"2,138",6.9
26090,TX Longview,"4,420",10.9
26091,TX Mesquite,"4,914",13.0
26092,TX Midland,"4,164",16.5
26093,TX Lubbock,"5,446",11.0
26094,TX McKinney,"131,117",9.2
26095,TX McAllen,"4,283",19.1
26096,TX Pearland,"7,486",7.6
26097,TX Mesquite,"6,253",10.9
26098,TX Irving,"4,136",12.3
26099,TX Odessa,"99,940",11.8
26101,TX McAllen,"2,528",24.2
26102,TX Irving,"3,169",12.2
26103,TX Pasadena,"3,896",10.6
26104,TX Lubbock,"2,065",12.3
26105,TX Laredo,"8,433",15.4
26106,TX Lubbock,"3,125",2.7
26107,TX Irving,"3,618",13.7
26108,TX Laredo,"236,091",18.0
26109,TX Laredo,"3,205",23.1
26110,TX McKinney,"5,179",6.3
26111,TX Pearland,"4,523",9.6
26112,TX Pasadena,"6,729",12.3
26113,TX Lubbock,"1,993",18.8
26114,TX Irving,"7,438",11.5
26116,TX Killeen,"13,856",7.6
26117,TX Pearland,90,16.1
26118,TX Odessa,"1,357",12.0
26119,TX Irving,"3,909",7.8
26120,TX Midland,"111,147",10.4
26121,TX McKinney,"5,635",11.9
26123,TX Longview,"3,113",13.6
26124,TX Midland,"6,228",10.6
26125,TX Irving,"5,418",5.0
26126,TX Lubbock,"5,251",7.8
26127,TX Missouri City,"5,412",10.9
26128,TX Mesquite,"4,441",8.9
26129,TX Lubbock,"4,568",13.3
26130,TX McAllen,"5,232",19.6
26131,TX Lubbock,"2,899",13.4
26132,TX Lewisville,"2,305",6.5
26133,TX Laredo,"5,402",12.4
26134,TX McAllen,64,26.8
26136,TX Midland,"5,451",9.8
26137,TX Killeen,"4,292",12.6
26138,TX McKinney,"3,237",7.5
26139,TX Laredo,"3,883",15.8
26140,TX League City,"4,268",9.3
26141,TX McKinney,"2,003",5.9
26142,TX Lubbock,584,12.3
26143,TX Pasadena,"6,843",7.9
26144,TX Irving,"1,393",11.9
26145,TX Longview,"3,022",17.2
26146,TX Killeen,"1,123",7.0
26147,TX Lewisville,"1,654",5.2
26148,TX McKinney,"3,007",6.2
26149,TX Midland,"4,928",9.8
26150,TX Lubbock,"3,543",11.5
26151,TX Irving,"4,297",12.6
26152,TX Mesquite,"3,989",10.5
26153,TX Pearland,"4,153",8.3
26154,TX Irving,"2,626",4.1
26155,TX Missouri City,"4,102",14.2
26156,TX Pasadena,"4,186",12.3
26157,TX McKinney,"6,343",7.2
26158,TX Killeen,"3,235",11.0
26159,TX Irving,"4,385",10.9
26160,TX Laredo,"6,486",9.4
26161,TX Laredo,"3,727",7.7
26162,TX Laredo,"4,663",12.5
26163,TX Irving,"4,090",5.9
26164,TX Lubbock,"10,654",7.5
26165,TX Mesquite,"2,310",7.6
26166,TX McAllen,"4,952",12.1
26168,TX Laredo,"4,405",10.5
26169,TX Lewisville,"2,017",3.8
26170,TX Lubbock,"5,585",8.9
26171,TX Odessa,"3,488",18.6
26172,TX Mission,"5,317",18.4
26173,TX Mesquite,"139,824",11.2
26174,TX Irving,"3,015",8.6
26175,TX Laredo,"3,799",9.5
26176,TX Lewisville,"5,459",8.9
26177,TX Lewisville,"5,318",10.9
26178,TX Missouri City,"1,173",15.3
26179,TX Pearland,"9,812",8.4
26180,TX Lewisville,"3,352",11.9
26181,TX League City,"16,092",7.5
26182,TX Pasadena,"3,510",12.3
26183,TX Irving,"1,619",9.9
26184,TX Lubbock,"1,413",11.0
26185,TX Mesquite,"6,033",14.1
26186,TX League City,"7,041",9.5
26187,TX Laredo,"2,353",19.4
26188,TX Killeen,"4,010",12.1
26189,TX Mission,"9,667",12.4
26190,TX Lubbock,"3,311",19.8
26192,TX Lubbock,"5,096",20.5
26193,TX Pasadena,"4,035",8.2
26194,TX McAllen,"4,598",14.1
26195,TX Longview,"5,023",10.3
26196,TX Mesquite,"3,025",12.9
26197,TX Midland,"4,771",10.0
26198,TX Lewisville,"2,131",7.7
26199,TX Odessa,55,16.1
26200,TX Irving,"3,911",9.1
26201,TX League City,"3,125",7.5
26202,TX Pasadena,"1,688",14.1
26203,TX Lewisville,"95,290",8.5
26204,TX Longview,"4,944",11.7
26205,TX McAllen,"7,469",18.0
26206,TX Midland,"3,429",16.8
26207,TX Pasadena,"4,158",11.1
26208,TX Lubbock,"5,378",9.3
26209,TX McKinney,"131,117",8.1
26210,TX McKinney,"3,747",7.1
26211,TX Pearland,"8,422",8.2
26213,TX Pasadena,"1,653",12.9
26214,TX Midland,"3,370",8.9
26215,TX Mesquite,"4,467",10.5
26216,TX Laredo,"2,365",11.5
26217,TX League City,"83,560",8.0
26218,TX Longview,"3,947",16.2
26219,TX Lubbock,"2,108",7.8
26221,TX Laredo,"4,898",20.8
26222,TX Killeen,"2,155",12.7
26223,TX Odessa,"3,467",8.3
26224,TX Longview,"4,801",9.9
26225,TX Mission,"5,673",14.0
26226,TX Laredo,"2,816",21.6
26227,TX Midland,"5,130",12.0
26228,TX Lewisville,"1,334",7.8
26229,TX Lubbock,"3,906",8.7
26230,TX Midland,"4,118",14.7
26231,TX Lewisville,"3,553",4.4
26232,TX Missouri City,"7,723",10.5
26233,TX Pearland,"91,252",8.6
26234,TX Odessa,"5,150",12.1
26235,TX Longview,"7,018",11.6
26236,TX Irving,"3,574",4.4
26237,TX Lewisville,"1,885",9.6
26239,TX League City,"9,369",7.9
26241,TX Lubbock,"5,624",12.1
26242,TX Laredo,"236,091",15.7
26243,TX McKinney,"5,713",6.0
26244,TX McAllen,177,12.1
26245,TX Missouri City,"10,085",10.2
26246,TX Mesquite,"5,319",12.9
26247,TX Pasadena,"5,318",10.3
26248,TX Irving,"4,617",11.2
26249,TX Laredo,"3,218",15.7
26250,TX Irving,"4,078",12.8
26251,TX Lubbock,"1,852",13.0
26252,TX Killeen,98,5.3
26253,TX Mesquite,"4,745",12.5
26254,TX Laredo,"7,117",15.9
26255,TX Laredo,"2,786",22.3
26256,TX McAllen,"3,923",14.0
26257,TX Odessa,"5,067",8.4
26258,TX Missouri City,"5,647",14.4
26259,TX Irving,"5,423",6.7
26260,TX Killeen,"4,513",10.3
26261,TX Laredo,"2,530",17.6
26262,TX McKinney,"3,923",7.8
26263,TX Mission,272,21.1
26264,TX Killeen,"4,399",11.6
26265,TX Irving,"6,509",11.9
26266,TX Irving,"6,571",11.7
26267,TX Lubbock,"3,126",9.9
26268,TX Irving,"3,909",8.3
26269,TX Missouri City,"3,681",8.7
26270,TX Odessa,"5,160",11.1
26271,TX Pasadena,717,10.0
26272,TX Lubbock,"6,743",16.5
26273,TX Lubbock,"5,508",10.6
26274,TX Irving,"3,877",4.2
26275,TX Lewisville,"5,571",10.1
26277,TX Pearland,721,10.3
26278,TX Odessa,"4,093",10.8
26279,TX Laredo,"2,716",15.8
26280,TX Lewisville,"4,764",7.0
26281,TX Lubbock,"2,716",9.5
26282,TX Lewisville,"2,658",10.2
26283,TX McAllen,"6,520",22.3
26284,TX McKinney,"6,293",8.0
26285,TX Laredo,"2,570",18.7
26286,TX Lubbock,903,4.0
26287,TX Lubbock,"4,464",10.3
26288,TX Irving,"5,020",11.4
26289,TX Mesquite,879,13.2
26290,TX McAllen,"8,586",16.6
26291,TX Pasadena,"6,318",14.0
26292,TX Pearland,"9,536",8.3
26293,TX Mesquite,"4,661",12.4
26294,TX Missouri City,"5,736",13.6
26295,TX Killeen,"8,781",6.6
26296,TX Killeen,"9,093",8.5
26297,TX Odessa,"1,670",12.7
26298,TX Mission,"6,299",19.3
26299,TX Killeen,"5,567",11.9
26300,TX Irving,"1,929",12.5
26301,TX Longview,"4,847",17.8
26302,TX Laredo,"12,304",8.7
26303,TX Irving,"4,932",12.2
26304,TX Irving,"216,290",9.8
26305,TX Irving,"4,561",4.5
26306,TX Killeen,"127,921",9.7
26307,TX Lubbock,"4,852",9.4
26308,TX Pasadena,"3,413",7.4
26309,TX Mesquite,"139,824",11.9
26310,TX Lewisville,"4,478",11.6
26311,TX McKinney,"3,670",5.6
26312,TX Mesquite,"4,947",13.7
26313,TX Odessa,"5,189",9.9
26314,TX Pearland,"16,987",7.8
26316,TX Lubbock,"229,573",11.6
26317,TX McAllen,"3,902",13.3
26318,TX Longview,251,13.2
26319,TX Odessa,"6,069",11.2
26320,TX Pasadena,"7,431",13.5
26321,TX League City,"4,699",9.6
26322,TX Irving,"4,542",7.6
26323,TX Midland,"4,943",10.2
26324,TX Midland,"4,377",7.7
26325,TX McKinney,"6,025",8.0
26326,TX Mission,"9,984",10.8
26327,TX Laredo,"2,330",15.4
26328,TX Lubbock,"7,179",6.3
26329,TX Irving,"4,500",13.6
26330,TX Laredo,"4,775",18.9
26331,TX McAllen,"9,255",12.0
26332,TX Lewisville,733,6.4
26333,TX McKinney,"4,867",11.4
26334,TX Missouri City,58,10.8
26335,TX Midland,"4,231",9.5
26336,TX Irving,"2,169",7.9
26338,TX Irving,"8,315",5.7
26339,TX Laredo,"6,378",10.7
26340,TX Mesquite,"2,412",9.8
26341,TX McAllen,"129,877",15.9
26342,TX Longview,"4,863",15.3
26344,TX Irving,"7,996",14.2
26345,TX Laredo,"4,454",20.3
26346,TX Irving,"3,117",8.7
26347,TX Laredo,"4,872",19.1
26348,TX Killeen,"3,423",12.2
26349,TX McKinney,"7,247",6.2
26350,TX Irving,"3,938",12.8
26351,TX League City,"83,560",8.6
26352,TX Irving,"3,118",10.3
26353,TX Pearland,"9,119",8.7
26354,TX Lubbock,"2,628",16.0
26355,TX Lewisville,"4,802",8.4
26356,TX Killeen,"9,714",5.8
26357,TX Laredo,"2,681",23.7
26358,TX Laredo,"2,637",20.0
26359,TX Lubbock,"3,372",11.8
26360,TX McAllen,"5,633",21.7
26361,TX Missouri City,"6,459",12.6
26362,TX Odessa,"3,732",14.4
26363,TX Irving,"5,017",4.2
26364,TX Mission,"2,259",12.0
26365,TX Pasadena,"8,378",11.0
26366,TX Midland,"5,388",14.6
26367,TX Longview,"4,643",15.3
26368,TX Killeen,"2,317",9.5
26369,TX Lubbock,"3,000",10.7
26370,TX Lubbock,"6,056",9.2
26371,TX Midland,"4,576",13.2
26372,TX Pasadena,"3,875",14.7
26373,TX McAllen,"7,864",14.0
26374,TX Irving,"4,881",10.3
26375,TX Pasadena,"1,766",8.3
26376,TX Laredo,"5,242",13.0
26378,TX Laredo,"6,425",14.2
26379,TX Lewisville,"2,771",5.7
26380,TX Mesquite,"9,322",9.4
26381,TX Lubbock,"3,826",9.9
26382,TX Laredo,"1,826",21.4
26383,TX Lewisville,"4,169",12.1
26384,TX Mission,"77,058",15.5
26385,TX Irving,"216,290",11.9
26386,TX McKinney,"2,820",4.9
26387,TX Pearland,"91,252",9.3
26389,TX Lewisville,"1,710",9.2
26390,TX Laredo,"5,929",14.2
26391,TX Missouri City,"1,682",9.9
26392,TX Pasadena,"149,043",11.7
26393,TX Odessa,"5,740",10.9
26394,TX Pasadena,"4,217",9.7
26395,TX Pasadena,"5,329",11.5
26396,TX League City,"9,546",8.9
26397,TX Mesquite,"5,503",11.5
26398,TX Longview,"3,371",9.9
26399,TX Pasadena,"4,101",14.1
26400,TX Lewisville,96,7.8
26401,TX Pasadena,"149,043",12.7
26402,TX Mission,"4,971",23.0
26403,TX Killeen,"4,353",7.3
26404,TX Irving,"2,595",14.3
26405,TX Longview,"5,420",11.3
26406,TX Lubbock,"2,406",8.1
26407,TX Lubbock,"3,254",15.4
26408,TX Laredo,"2,873",21.9
26409,TX Mesquite,"3,837",10.8
26410,TX Lubbock,"2,160",9.2
26411,TX Odessa,"3,008",7.1
26412,TX McAllen,"3,171",25.2
26413,TX Pasadena,"4,384",10.3
26414,TX Lubbock,"2,547",16.8
26415,TX Laredo,"8,059",12.2
26416,TX Odessa,"4,267",11.1
26417,TX Laredo,"3,153",20.1
26418,TX Lubbock,"1,080",8.3
26419,TX Lewisville,96,12.4
26420,TX Mission,"3,034",14.3
26421,TX Pasadena,"4,258",11.8
26422,TX Mesquite,"7,795",10.9
26423,TX Lewisville,"4,320",8.2
26424,TX Lubbock,"4,361",9.2
26425,TX Missouri City,152,8.3
26426,TX Odessa,"6,720",14.7
26427,TX Pasadena,"3,333",14.4
26428,TX League City,"1,562",6.3
26429,TX Mesquite,"7,804",11.9
26430,TX Odessa,"3,022",17.0
26431,TX League City,167,12.0
26432,TX Pearland,"1,016",11.6
26433,TX Midland,"3,435",8.3
26434,TX Laredo,"3,265",19.8
26435,TX Laredo,"3,795",22.1
26436,TX Laredo,"3,714",16.0
26437,TX Laredo,"6,964",10.0
26438,TX Irving,"1,943",12.8
26440,TX Irving,"3,511",6.8
26441,TX Mesquite,"6,071",12.3
26442,TX McAllen,"9,332",10.6
26443,TX McAllen,"5,124",11.7
26444,TX Laredo,"3,857",22.0
26445,TX Midland,175,13.5
26447,TX Irving,"4,133",7.9
26448,TX McKinney,"5,663",7.4
26449,TX Killeen,"3,672",12.8
26450,TX Irving,"3,898",12.1
26451,TX Mesquite,77,10.0
26452,TX McAllen,"2,301",11.6
26453,TX McKinney,"8,448",8.6
26454,TX Killeen,"127,921",13.5
26455,TX Lubbock,"7,258",14.2
26456,TX Pearland,"7,392",7.7
26457,TX Mesquite,65,10.2
26458,TX Irving,"2,318",13.5
26459,TX Pasadena,"7,400",11.6
26460,TX Killeen,"7,028",10.4
26461,TX Lubbock,"3,165",6.4
26462,TX Missouri City,"67,358",10.9
26463,TX Irving,"6,671",12.6
26464,TX Lubbock,"4,742",9.9
26465,TX Irving,"4,134",11.1
26466,TX McAllen,"129,877",15.5
26467,TX Pasadena,"4,844",13.7
26469,TX Pearland,"6,605",10.1
26470,TX Killeen,"7,105",9.1
26471,TX Laredo,"4,549",12.2
26472,TX Lubbock,"229,573",10.2
26473,TX Lubbock,"7,260",3.6
26474,TX Mission,269,11.0
26475,TX Lewisville,"3,592",7.5
26476,TX Missouri City,443,12.8
26477,TX McAllen,"6,289",14.9
26478,TX Killeen,"1,750",6.6
26479,TX Lubbock,"3,117",10.0
26480,TX Irving,"2,416",14.2
26481,TX Midland,"4,258",8.9
26482,TX Killeen,"4,256",12.5
26483,TX Longview,"2,672",14.3
26484,TX Lubbock,"2,194",7.7
26485,TX Laredo,"4,025",14.9
26486,TX Midland,"6,978",6.9
26487,TX Missouri City,53,13.4
26488,TX Lubbock,"4,963",14.6
26489,TX Odessa,"5,945",11.1
26491,TX Irving,"2,275",8.1
26492,TX Lewisville,"3,574",11.7
26493,TX Lubbock,"2,063",11.3
26494,TX Lewisville,"2,721",7.1
26495,TX Laredo,"3,998",20.3
26496,TX Pasadena,"1,105",8.7
26497,TX Lewisville,108,5.6
26498,TX Longview,"1,718",10.2
26499,TX Missouri City,577,12.0
26500,TX McAllen,"4,999",13.2
26501,TX McKinney,"2,347",6.3
26502,TX Longview,"80,455",12.2
26503,TX Pasadena,"5,855",13.3
26504,TX Odessa,"3,137",8.3
26505,TX Killeen,"1,030",9.0
26506,TX Mesquite,"9,549",8.5
26507,TX Irving,"3,695",13.5
26508,TX McKinney,"3,371",9.4
26509,TX Mesquite,"6,087",10.0
26510,TX Longview,"7,209",9.9
26511,TX Mission,"77,058",15.1
26512,TX Midland,"5,971",9.7
26513,TX Laredo,178,14.5
26514,TX Irving,"3,811",5.6
26515,TX McAllen,"9,179",13.4
26516,TX Pearland,"3,735",12.7
26517,TX Odessa,"4,666",11.8
26518,TX Lubbock,"5,084",7.7
26519,TX League City,"14,007",6.7
26520,TX Lewisville,"3,585",8.8
26521,TX Laredo,"2,580",19.3
26522,TX Midland,"111,147",10.4
26523,TX Pasadena,"5,377",12.3
26524,TX Mission,"4,574",12.4
26525,TX Laredo,"2,989",22.2
26526,TX McKinney,"5,879",5.5
26527,TX Lubbock,"6,146",10.1
26528,TX Mesquite,827,8.5
26529,TX Lubbock,"7,437",6.3
26530,TX Mesquite,"3,604",11.8
26531,TX Midland,"5,504",10.4
26532,TX McAllen,"6,620",16.3
26533,TX Pasadena,"5,612",11.5
26534,TX Odessa,"5,557",11.0
26535,TX Laredo,"6,221",12.2
26536,TX Mesquite,"5,976",12.6
26537,TX Mesquite,"4,120",12.9
26538,TX League City,"5,437",8.8
26539,TX Midland,"2,642",7.7
26540,TX McKinney,"8,420",15.6
26541,TX Irving,"4,472",10.7
26542,TX Laredo,"5,173",9.5
26543,TX Mission,"7,836",16.1
26544,TX Pasadena,"1,000",9.3
26545,TX McKinney,"6,651",7.3
26547,TX Laredo,"1,770",16.0
26548,TX McKinney,"6,196",7.1
26549,TX Lewisville,"2,557",5.5
26550,TX Lubbock,"3,514",7.0
26551,TX Lubbock,"4,209",10.3
26552,TX Mesquite,465,15.0
26553,TX Midland,"8,320",8.8
26555,TX Lubbock,"3,884",8.2
26556,TX Lubbock,"2,140",12.7
26557,TX Pearland,"1,655",6.9
26558,TX McAllen,"4,852",13.0
26559,TX Pasadena,"6,414",12.9
26560,TX Mesquite,"4,318",10.0
26561,TX Killeen,"4,467",13.8
26562,TX Missouri City,"67,358",11.7
26563,TX Laredo,"3,315",21.4
26564,TX Midland,"4,754",9.2
26565,TX Longview,"1,821",8.4
26566,TX Lubbock,"2,262",9.7
26567,TX Killeen,"2,540",13.5
26568,TX Laredo,"1,399",10.9
26569,TX Killeen,"3,258",9.5
26570,TX Odessa,"5,076",18.7
26571,TX McKinney,"7,405",7.4
26572,TX Mission,"8,200",11.5
26574,TX Lubbock,"2,769",18.7
26575,TX Irving,"4,670",7.3
26576,TX Irving,"4,666",12.5
26577,TX Lewisville,"5,333",8.6
26578,TX Missouri City,"4,430",13.6
26579,TX McKinney,"6,996",8.0
26580,TX Laredo,"3,731",22.1
26581,TX Odessa,"99,940",12.2
26582,TX Pasadena,"5,540",14.9
26583,TX Lubbock,854,12.2
26584,TX Irving,"5,462",12.9
26585,TX Laredo,"4,477",14.3
26586,TX Lewisville,"3,616",6.4
26587,TX Longview,"80,455",12.5
26588,TX Laredo,"4,269",19.6
26589,TX Lubbock,"4,022",10.0
26590,TX Lewisville,"1,600",7.2
26591,TX Laredo,"2,499",24.4
26592,TX Plano,"3,326",8.1
26593,TX San Antonio,"3,755",18.6
26594,TX San Antonio,"4,503",16.5
26595,TX San Angelo,"4,238",9.4
26596,TX Waco,"1,093",6.6
26597,TX San Antonio,"4,564",18.2
26598,TX Wichita Falls,"1,375",3.2
26599,TX San Antonio,"7,553",15.2
26600,TX San Antonio,"2,542",6.9
26601,TX San Antonio,"4,448",9.7
26602,TX Waco,"3,964",14.6
26603,TX San Antonio,"3,565",12.9
26604,TX Waco,"5,281",16.9
26605,TX San Antonio,"7,520",17.8
26606,TX San Antonio,"4,384",20.3
26607,TX Wichita Falls,"2,528",13.4
26608,TX Waco,"124,805",12.1
26609,TX San Angelo,"93,200",11.4
26610,TX San Antonio,"3,940",17.5
26611,TX Waco,96,21.1
26612,TX San Antonio,"4,107",19.4
26613,TX San Antonio,"2,881",16.4
26614,TX Plano,"3,868",4.6
26615,TX Pharr,"6,026",17.6
26617,TX San Antonio,"1,948",17.6
26618,TX Wichita Falls,"6,356",10.5
26619,TX Round Rock,"3,729",7.6
26620,TX Richardson,"4,118",11.9
26621,TX San Antonio,"1,819",10.6
26623,TX Plano,"7,199",8.5
26624,TX Plano,"2,090",7.2
26625,TX San Antonio,"1,946",14.0
26627,TX Sugar Land,"5,679",8.4
26628,TX Tyler,"3,518",9.7
26629,TX San Antonio,"3,303",17.0
26631,TX San Antonio,"4,219",8.3
26632,TX San Antonio,"4,899",21.8
26633,TX San Antonio,"5,326",13.7
26634,TX San Angelo,"5,162",10.0
26635,TX Wichita Falls,"1,239",15.8
26636,TX San Antonio,"3,564",7.6
26637,TX San Antonio,"6,032",8.6
26638,TX Waco,"2,937",17.9
26639,TX San Antonio,"6,674",16.2
26640,TX San Antonio,"5,362",9.7
26641,TX Wichita Falls,"1,651",19.3
26642,TX San Antonio,"4,917",10.0
26643,TX Round Rock,"5,929",7.7
26644,TX San Antonio,"1,568",22.8
26645,TX San Antonio,"5,913",17.9
26646,TX San Angelo,"5,245",11.1
26647,TX San Antonio,"7,319",12.0
26648,TX Plano,"7,693",6.6
26649,TX San Antonio,"6,035",8.5
26650,TX San Antonio,"1,875",13.4
26651,TX Plano,"4,007",7.7
26652,TX Round Rock,"5,259",6.3
26653,TX Tyler,"1,456",17.6
26654,TX Plano,"5,943",8.9
26655,TX Richardson,"99,223",8.8
26656,TX San Antonio,"3,901",16.0
26657,TX Sugar Land,"1,828",9.1
26658,TX Richardson,"1,015",3.5
26659,TX Plano,"2,789",6.7
26660,TX Wichita Falls,"2,606",15.1
26661,TX Tyler,"4,615",8.7
26662,TX Round Rock,"4,419",9.8
26663,TX Sugar Land,233,10.1
26664,TX San Antonio,"9,732",8.3
26665,TX San Antonio,"3,033",15.9
26666,TX San Antonio,"4,476",7.4
26667,TX San Antonio,"2,284",15.1
26668,TX San Antonio,240,12.1
26669,TX Round Rock,"5,720",6.6
26670,TX San Antonio,"3,054",12.1
26671,TX San Antonio,"5,197",19.8
26672,TX San Antonio,"5,368",17.0
26673,TX San Angelo,"4,109",13.5
26674,TX Plano,"3,637",9.8
26675,TX San Antonio,"2,272",15.1
26676,TX San Antonio,"4,401",14.9
26677,TX Plano,"6,880",8.4
26678,TX San Antonio,"2,077",13.8
26679,TX Richardson,"3,755",6.5
26680,TX Wichita Falls,"104,553",12.4
26682,TX San Antonio,"4,813",7.3
26683,TX San Antonio,"5,319",12.2
26684,TX Richardson,"5,951",8.2
26685,TX San Angelo,"2,249",1.5
26686,TX San Antonio,"4,237",10.1
26687,TX San Antonio,"4,296",15.8
26688,TX Sugar Land,"4,523",12.8
26689,TX San Antonio,"5,066",24.0
26690,TX Sugar Land,"6,631",9.5
26691,TX San Antonio,"1,896",11.0
26692,TX Plano,"4,072",10.6
26693,TX Tyler,"5,852",11.9
26695,TX San Antonio,"2,125",18.2
26696,TX Plano,"5,405",9.1
26697,TX San Antonio,"1,264",10.3
26698,TX Round Rock,"9,121",7.7
26699,TX San Angelo,"5,205",9.6
26700,TX Tyler,"4,312",21.4
26701,TX Plano,"4,226",9.4
26702,TX San Antonio,"1,999",8.4
26703,TX San Antonio,"6,353",11.9
26704,TX San Antonio,"4,434",7.8
26705,TX San Antonio,66,6.3
26706,TX Tyler,"6,056",9.5
26707,TX Waco,"4,651",12.1
26708,TX Plano,"5,346",8.8
26709,TX Richardson,"5,448",8.2
26710,TX San Antonio,"5,433",17.5
26711,TX Round Rock,"4,911",11.1
26712,TX Waco,"6,171",7.9
26713,TX San Antonio,"3,122",6.4
26714,TX San Antonio,"3,452",5.2
26715,TX Waco,"5,398",7.6
26716,TX San Antonio,"5,208",9.1
26717,TX Tyler,"2,167",19.2
26718,TX Plano,"2,380",9.4
26719,TX Pharr,"3,595",22.2
26720,TX San Antonio,82,12.5
26721,TX San Antonio,"5,322",13.5
26722,TX San Antonio,"3,368",9.5
26723,TX Richardson,325,11.6
26724,TX Richardson,"3,491",11.2
26725,TX Plano,"4,207",8.5
26726,TX San Antonio,"7,442",10.0
26727,TX Wichita Falls,"1,997",10.8
26728,TX San Antonio,"4,895",8.8
26729,TX Wichita Falls,"6,215",1.5
26730,TX Plano,"1,268",3.3
26731,TX San Antonio,"4,034",10.7
26732,TX San Antonio,"5,430",13.9
26733,TX Wichita Falls,"3,133",9.8
26734,TX San Antonio,"6,632",11.7
26735,TX San Antonio,"1,067",7.5
26736,TX San Antonio,997,8.8
26738,TX San Antonio,"4,549",11.4
26739,TX San Antonio,"6,576",12.5
26740,TX Tyler,"2,402",10.9
26742,TX San Antonio,"4,831",19.6
26743,TX San Antonio,"1,755",18.4
26744,TX Wichita Falls,"4,393",14.6
26746,TX San Antonio,"3,783",12.5
26747,TX San Antonio,315,14.9
26748,TX San Angelo,"5,897",16.7
26750,TX San Antonio,"9,551",8.6
26751,TX Waco,"5,979",15.5
26752,TX San Antonio,"3,996",14.3
26753,TX San Antonio,"5,584",11.4
26754,TX Plano,"6,284",8.5
26755,TX San Antonio,"4,591",9.5
26757,TX San Antonio,"7,968",15.5
26758,TX San Antonio,855,12.7
26759,TX Richardson,"3,944",8.4
26760,TX San Antonio,293,9.7
26761,TX San Antonio,"4,702",18.5
26762,TX Waco,"124,805",14.0
26763,TX Tyler,"96,900",12.4
26764,TX Pharr,"9,438",16.6
26765,TX Plano,"6,101",8.9
26766,TX San Antonio,"3,821",10.9
26769,TX San Antonio,"4,550",6.1
26770,TX Round Rock,"4,509",7.8
26771,TX Round Rock,"2,533",14.8
26772,TX Plano,"3,226",9.6
26773,TX Round Rock,"99,887",8.4
26774,TX San Antonio,58,11.2
26775,TX Tyler,"1,149",9.7
26776,TX Plano,"259,841",8.6
26777,TX San Antonio,"1,327,407",13.1
26778,TX San Antonio,"4,341",15.5
26779,TX San Antonio,"4,870",20.4
26780,TX San Antonio,"3,459",13.3
26781,TX San Antonio,337,14.4
26782,TX Sugar Land,"5,600",9.4
26783,TX Sugar Land,"6,376",12.8
26784,TX San Antonio,"2,266",8.2
26785,TX Wichita Falls,910,16.9
26786,TX San Antonio,"5,620",9.6
26787,TX San Antonio,"3,365",18.8
26788,TX Waco,"2,838",20.4
26789,TX Plano,"1,858",5.8
26790,TX San Antonio,"4,410",10.9
26791,TX Plano,"6,306",7.4
26792,TX Wichita Falls,"4,076",13.9
26793,TX San Antonio,"4,922",18.8
26794,TX San Antonio,"4,557",19.4
26795,TX Plano,"3,771",8.9
26796,TX Waco,"3,789",11.3
26797,TX San Antonio,"5,216",9.7
26798,TX San Antonio,"6,188",8.2
26799,TX San Antonio,"1,561",10.5
26800,TX Plano,"3,659",11.6
26801,TX San Antonio,"3,525",7.8
26802,TX San Antonio,"6,885",16.2
26803,TX San Antonio,"3,165",20.0
26804,TX San Antonio,"4,595",21.4
26805,TX San Antonio,"5,970",9.5
26806,TX Richardson,"3,617",8.9
26807,TX San Angelo,"5,051",9.8
26808,TX San Antonio,"5,028",18.2
26809,TX San Antonio,"7,202",3.3
26810,TX Plano,"3,038",7.3
26811,TX San Antonio,"6,123",11.3
26812,TX San Antonio,"3,839",7.1
26813,TX Sugar Land,"4,386",11.6
26814,TX Waco,"6,220",20.8
26815,TX San Antonio,"5,228",17.7
26816,TX Tyler,"2,440",19.5
26817,TX San Antonio,"4,634",19.5
26819,TX San Antonio,"4,416",16.8
26820,TX Wichita Falls,"6,747",10.7
26821,TX San Antonio,"5,591",15.3
26822,TX Plano,"4,718",11.0
26823,TX Wichita Falls,"2,601",14.8
26824,TX Waco,"4,223",8.4
26825,TX Wichita Falls,"2,393",15.1
26826,TX Round Rock,"2,838",7.3
26827,TX San Antonio,"3,379",13.0
26828,TX San Antonio,"3,392",18.9
26829,TX Plano,"4,727",8.5
26830,TX San Antonio,"6,742",7.6
26831,TX Waco,"1,192",14.0
26832,TX Richardson,"1,528",7.1
26833,TX Richardson,"4,475",10.9
26834,TX Sugar Land,"4,272",10.7
26835,TX Plano,"4,440",8.4
26836,TX San Antonio,"7,203",10.2
26837,TX San Antonio,"3,001",17.3
26838,TX San Antonio,"2,438",21.1
26839,TX San Antonio,"3,148",17.3
26840,TX Waco,"1,222",9.2
26841,TX San Antonio,"4,372",20.1
26842,TX Tyler,"3,760",21.2
26843,TX San Antonio,"3,358",20.5
26845,TX San Antonio,"3,973",14.7
26846,TX San Antonio,"4,417",10.0
26847,TX Plano,"4,633",8.0
26848,TX San Antonio,100,12.9
26849,TX Wichita Falls,"2,303",11.1
26850,TX San Antonio,"6,591",11.8
26851,TX Tyler,"3,927",9.4
26852,TX Waco,"3,172",13.5
26853,TX San Antonio,"3,135",18.7
26854,TX Round Rock,"5,159",10.2
26855,TX Wichita Falls,"1,250",15.5
26856,TX San Antonio,"6,626",15.1
26857,TX San Antonio,"5,164",8.5
26858,TX San Antonio,"3,155",18.2
26859,TX Waco,"4,214",1.9
26860,TX San Angelo,"2,612",19.9
26861,TX San Antonio,"4,420",8.4
26862,TX Waco,"4,919",13.5
26863,TX San Antonio,"2,946",17.5
26864,TX San Antonio,"7,741",9.6
26865,TX San Angelo,"7,011",6.6
26866,TX Richardson,"2,792",8.5
26867,TX San Antonio,"6,028",11.1
26868,TX San Antonio,"1,398",23.4
26869,TX San Antonio,"7,747",10.5
26870,TX San Antonio,"3,799",12.0
26871,TX Waco,"2,712",11.1
26872,TX San Antonio,"6,011",7.5
26873,TX San Antonio,"2,906",20.4
26874,TX Waco,"5,497",14.6
26875,TX San Antonio,895,6.5
26876,TX San Antonio,"5,040",17.4
26877,TX San Antonio,"1,728",21.4
26878,TX Tyler,"4,710",10.5
26879,TX San Antonio,"1,533",9.1
26880,TX San Antonio,"5,181",14.7
26881,TX Round Rock,876,6.6
26882,TX Pharr,"3,720",22.9
26883,TX San Antonio,"3,811",13.9
26884,TX Round Rock,684,7.9
26885,TX San Antonio,"8,623",17.9
26886,TX Plano,"2,786",10.3
26887,TX Richardson,"6,613",8.7
26888,TX San Antonio,"5,889",13.8
26889,TX San Antonio,"5,099",16.0
26890,TX San Angelo,"5,157",9.4
26891,TX San Antonio,"7,762",15.7
26892,TX Tyler,"96,900",12.5
26893,TX Plano,"7,000",7.8
26894,TX Richardson,"5,734",8.0
26895,TX San Antonio,"4,734",16.1
26896,TX San Antonio,"5,635",7.0
26897,TX San Antonio,"5,390",10.0
26898,TX San Antonio,540,12.7
26899,TX Round Rock,"8,924",7.9
26900,TX Plano,"6,952",8.7
26901,TX Round Rock,977,4.8
26902,TX San Antonio,"7,095",12.2
26903,TX San Antonio,"3,982",10.5
26904,TX Tyler,"2,022",8.6
26905,TX Sugar Land,"6,922",10.1
26906,TX San Antonio,"7,129",3.2
26907,TX Plano,"4,672",7.1
26908,TX San Antonio,"3,839",20.0
26909,TX San Antonio,"2,449",18.4
26910,TX San Antonio,"3,401",9.8
26911,TX Pharr,"9,945",13.2
26912,TX San Antonio,"6,936",20.3
26913,TX San Antonio,"3,567",10.2
26914,TX San Antonio,"5,794",21.1
26915,TX San Antonio,"3,958",15.0
26916,TX Plano,"5,469",9.7
26917,TX San Antonio,"6,328",17.3
26918,TX San Antonio,"4,448",9.2
26919,TX San Antonio,"5,060",8.3
26920,TX San Antonio,"7,575",10.2
26921,TX San Antonio,"2,989",8.2
26922,TX San Antonio,"4,191",8.7
26923,TX Tyler,"2,523",10.6
26924,TX San Antonio,"2,846",19.8
26925,TX Wichita Falls,"1,757",12.8
26926,TX San Antonio,"5,345",13.2
26927,TX San Antonio,"4,628",16.9
26929,TX San Antonio,"4,387",9.3
26930,TX Richardson,"5,024",9.2
26931,TX San Antonio,"6,162",16.4
26932,TX San Antonio,"4,146",21.1
26933,TX San Angelo,"4,228",16.4
26934,TX Richardson,"8,224",10.0
26935,TX Plano,"3,588",4.2
26936,TX San Antonio,"3,270",10.6
26937,TX Pharr,"15,479",16.8
26938,TX San Antonio,"1,191",11.6
26939,TX Round Rock,"7,271",7.0
26940,TX San Antonio,"5,180",8.4
26941,TX Round Rock,"99,887",10.0
26942,TX Sugar Land,"1,079",4.2
26943,TX Waco,"1,726",6.9
26944,TX San Antonio,"2,249",8.2
26945,TX Tyler,429,5.9
26946,TX San Antonio,"3,272",13.4
26947,TX San Antonio,"9,244",11.0
26948,TX San Antonio,"2,878",16.2
26949,TX Plano,"4,227",10.3
26950,TX San Antonio,"4,536",18.2
26951,TX San Antonio,"3,168",11.1
26952,TX San Angelo,841,14.6
26954,TX Wichita Falls,"2,567",13.9
26955,TX Waco,"3,342",17.3
26956,TX San Antonio,"5,244",8.9
26957,TX San Antonio,"4,117",20.1
26958,TX San Antonio,"5,322",12.4
26960,TX San Antonio,"3,357",12.0
26961,TX Richardson,"5,146",10.7
26962,TX San Antonio,"1,327,407",13.7
26963,TX San Antonio,"6,334",8.7
26964,TX San Antonio,"5,472",22.1
26965,TX Wichita Falls,"1,097",17.4
26966,TX Plano,"4,428",7.7
26967,TX Wichita Falls,"7,302",8.6
26968,TX San Antonio,"3,622",9.5
26969,TX Plano,"5,598",7.4
26970,TX San Antonio,"3,508",9.2
26971,TX San Antonio,"3,974",20.9
26972,TX Tyler,"6,102",17.4
26973,TX Pharr,"7,610",15.8
26974,TX San Antonio,"6,952",10.1
26975,TX San Antonio,"3,256",12.7
26976,TX Waco,"1,583",8.3
26977,TX Richardson,"4,865",9.6
26978,TX Plano,"259,841",8.6
26979,TX San Antonio,"5,575",15.8
26980,TX San Antonio,"1,478",13.0
26981,TX San Antonio,"3,361",19.0
26982,TX Waco,"3,566",3.6
26983,TX Plano,"4,596",9.9
26984,TX Tyler,"4,984",13.5
26985,TX San Antonio,57,10.8
26986,TX San Antonio,"5,155",17.0
26987,TX San Angelo,"2,595",16.4
26988,TX San Antonio,"4,324",20.4
26989,TX San Antonio,"5,665",13.2
26990,TX Wichita Falls,"7,551",11.8
26991,TX San Antonio,"2,542",15.7
26992,TX San Antonio,"1,637",10.7
26993,TX Round Rock,"4,862",8.6
26994,TX San Antonio,"2,022",12.2
26995,TX San Antonio,"8,439",7.9
26996,TX Plano,"4,164",11.7
26997,TX San Antonio,"5,292",7.3
26998,TX San Antonio,"5,314",18.7
26999,TX San Antonio,"3,042",7.4
27000,TX San Antonio,"2,676",17.7
27001,TX San Antonio,"5,019",13.3
27002,TX San Antonio,"7,656",15.3
27003,TX San Antonio,"3,496",13.7
27004,TX Waco,"2,977",13.7
27005,TX Tyler,"2,664",12.9
27007,TX San Antonio,"2,403",9.1
27008,TX Round Rock,526,4.8
27010,TX San Antonio,"4,507",18.5
27011,TX Waco,"3,957",14.4
27012,TX San Antonio,"4,438",16.1
27013,TX San Antonio,"4,438",16.6
27014,TX Waco,"2,186",11.5
27015,TX Pharr,"10,027",14.5
27016,TX Plano,"7,269",6.8
27017,TX Wichita Falls,"6,852",9.5
27018,TX San Antonio,"5,359",18.6
27019,TX San Antonio,"3,771",11.4
27020,TX Richardson,"3,956",8.6
27021,TX Plano,"2,654",8.0
27022,TX San Antonio,"3,409",7.1
27023,TX San Antonio,"4,848",19.3
27024,TX San Antonio,"4,491",18.7
27025,TX Wichita Falls,"1,593",19.3
27026,TX San Antonio,"6,423",16.3
27027,TX Tyler,"3,373",10.9
27028,TX Sugar Land,"7,697",9.4
27029,TX Round Rock,385,6.4
27030,TX San Antonio,"3,824",14.8
27031,TX San Antonio,"3,898",18.9
27032,TX San Angelo,"7,418",12.6
27033,TX San Antonio,"1,965",16.5
27035,TX San Antonio,"4,957",14.5
27036,TX San Antonio,"5,561",8.2
27037,TX San Antonio,"5,906",8.0
27038,TX San Antonio,"2,079",11.8
27039,TX Sugar Land,"3,031",10.6
27040,TX San Antonio,"4,462",17.2
27041,TX San Antonio,"6,299",18.4
27042,TX Tyler,"5,110",9.0
27043,TX San Antonio,"6,468",9.3
27044,TX San Antonio,"6,197",8.7
27045,TX San Antonio,"2,495",6.9
27046,TX Plano,"2,535",6.5
27047,TX Waco,"5,315",13.1
27048,TX San Antonio,"3,720",20.5
27049,TX San Antonio,"2,573",16.0
27050,TX San Antonio,"4,371",21.3
27051,TX San Antonio,184,18.6
27052,TX San Antonio,"3,972",20.5
27053,TX Plano,"5,760",8.7
27054,TX San Antonio,"6,379",10.2
27055,TX San Antonio,"4,290",15.1
27056,TX San Antonio,"1,995",10.7
27057,TX San Antonio,"2,632",17.6
27058,TX Round Rock,"4,919",8.2
27059,TX San Antonio,"4,701",10.6
27060,TX Sugar Land,"78,817",9.3
27061,TX Round Rock,"5,873",9.9
27063,TX Plano,"5,721",8.6
27064,TX Wichita Falls,"2,458",12.5
27065,TX San Antonio,"7,109",10.1
27066,TX San Antonio,"5,443",15.6
27068,TX Sugar Land,"7,972",11.1
27069,TX San Antonio,"4,477",11.4
27070,TX San Antonio,"3,796",19.9
27071,TX San Antonio,"5,382",23.2
27072,TX San Antonio,"3,987",9.9
27073,TX San Antonio,"9,620",15.2
27074,TX San Antonio,"2,875",7.9
27075,TX San Antonio,"8,005",6.4
27076,TX Waco,114,19.3
27077,TX Plano,"3,982",8.8
27078,TX San Angelo,"2,943",8.5
27079,TX Plano,"6,053",6.4
27081,TX San Antonio,"2,238",19.7
27082,TX Wichita Falls,"6,406",12.9
27083,TX San Antonio,"3,164",19.2
27084,TX San Antonio,"5,411",8.9
27085,TX San Antonio,"5,023",16.5
27086,TX Plano,"2,973",9.1
27087,TX San Antonio,"6,296",8.7
27088,TX San Antonio,"3,143",12.4
27089,TX Richardson,"6,562",9.9
27090,TX San Angelo,"93,200",11.3
27091,TX San Antonio,251,11.1
27092,TX San Angelo,"3,641",9.9
27093,TX San Antonio,"3,374",7.6
27094,TX Tyler,"2,176",10.3
27095,TX Waco,"3,653",14.4
27096,TX San Antonio,"5,368",12.6
27097,TX Richardson,"4,826",9.2
27098,TX San Antonio,"5,796",8.0
27099,TX San Antonio,"5,466",15.3
27100,TX Sugar Land,"7,460",10.4
27101,TX San Antonio,"4,301",7.5
27102,TX San Antonio,"1,076",7.4
27103,TX San Antonio,"4,585",18.2
27104,TX San Antonio,"3,768",15.8
27105,TX San Antonio,"4,839",10.0
27106,TX Wichita Falls,"2,480",14.6
27107,TX San Antonio,"4,982",11.1
27108,TX Pharr,"70,400",18.0
27109,TX San Angelo,"4,362",13.9
27110,TX San Antonio,"3,730",16.1
27111,TX San Antonio,"4,028",12.2
27112,TX San Antonio,"4,375",13.0
27113,TX Waco,"2,268",15.9
27114,TX Wichita Falls,"4,135",12.3
27115,TX San Antonio,"4,096",20.4
27116,TX San Antonio,"3,001",8.8
27117,TX San Angelo,"1,857",11.6
27118,TX San Antonio,"2,313",9.1
27119,TX San Antonio,"4,945",17.1
27120,TX Richardson,"99,223",9.1
27121,TX Waco,"6,670",9.3
27123,TX San Antonio,"6,996",10.4
27124,TX Richardson,"2,910",9.8
27125,TX Round Rock,"4,198",10.3
27126,TX San Angelo,"3,604",11.0
27127,TX San Antonio,"3,658",6.7
27128,TX San Antonio,"4,689",18.2
27129,TX San Antonio,"2,973",9.2
27130,TX San Antonio,"4,462",17.0
27131,TX Plano,"2,162",7.4
27132,TX Tyler,"3,637",10.9
27133,TX Richardson,"1,634",4.3
27134,TX Plano,"3,505",10.5
27135,TX Tyler,"5,098",10.0
27136,TX San Antonio,"8,151",15.5
27137,TX Pharr,"70,400",16.5
27138,TX San Antonio,"4,803",11.7
27139,TX San Antonio,"1,645",15.9
27140,TX San Antonio,"5,185",7.5
27141,TX San Antonio,277,10.0
27142,TX Tyler,"5,685",10.1
27143,TX Waco,"4,994",15.2
27144,TX San Antonio,"4,021",6.1
27145,TX Wichita Falls,"2,406",18.1
27146,TX Round Rock,"2,443",8.6
27147,TX Waco,"2,133",6.9
27148,TX San Antonio,"5,103",8.3
27149,TX San Angelo,"5,034",12.6
27150,TX San Antonio,"6,043",8.9
27151,TX Sugar Land,"3,596",9.9
27152,TX Plano,"4,599",7.7
27153,TX San Antonio,"4,540",9.8
27154,TX San Antonio,"3,060",15.4
27155,TX San Antonio,"2,761",8.5
27156,TX San Antonio,"4,481",11.7
27157,TX San Antonio,"4,765",9.1
27158,TX Waco,"4,718",11.8
27159,TX San Antonio,"7,267",13.2
27160,TX San Antonio,"4,842",9.5
27161,TX San Antonio,"5,491",7.2
27162,TX San Antonio,"4,284",12.3
27163,TX San Antonio,"6,362",10.5
27164,TX Plano,"3,705",8.3
27165,TX Plano,"4,763",10.4
27166,TX San Antonio,"5,559",19.5
27167,TX San Antonio,"1,267",12.4
27168,TX San Antonio,"7,244",15.8
27169,TX Tyler,"4,671",14.6
27170,TX Richardson,"3,257",8.8
27171,TX San Antonio,"3,557",16.3
27172,TX Pharr,"4,560",16.8
27173,TX Sugar Land,60,11.9
27174,TX San Antonio,"4,042",15.1
27175,TX Plano,"4,390",9.5
27176,TX San Antonio,223,8.5
27177,TX San Antonio,"3,436",9.9
27178,TX Wichita Falls,"3,789",9.3
27180,TX Sugar Land,"1,430",10.8
27181,TX Tyler,"2,061",15.8
27182,TX Plano,"2,438",8.4
27183,TX San Antonio,"5,141",9.6
27184,TX Wichita Falls,"104,553",11.7
27185,TX San Antonio,"1,684",6.8
27186,TX Sugar Land,"78,817",10.4
27187,TX Wichita Falls,"2,387",24.5
27188,TX Plano,"5,735",12.2
27189,TX San Antonio,"7,342",9.4
27190,TX San Antonio,"3,717",13.8
27191,TX San Antonio,"2,077",11.8
27192,TX Round Rock,"3,803",6.7
27193,TX San Angelo,"4,739",11.2
27194,TX Plano,"7,381",11.5
27195,TX San Antonio,549,11.1
